match_id,team_id,team_name,team_side,accurateCross,accurateLongBalls,accuratePasses,accurateThroughBall,aerialDuelsPercentage,ballPossession,blockedScoringAttempt,cornerKicks,dispossessed,dribblesPercentage,duelWonPercent,expectedGoals,fouls,freeKicks,goalKicks,goalkeeperSaves,groundDuelsPercentage,hitWoodwork,interceptionWon,offsides,passes,redCards,shotsOffGoal,shotsOnGoal,throwIns,totalClearance,totalShotsInsideBox,totalShotsOnGoal,totalShotsOutsideBox,totalTackle,yellowCards
14147297,7581,FK Bokelj Kotor,home,4.0,25.0,219.0,0.0,23.0,46.0,3.0,4.0,12.0,6.0,34.0,1.12,14.0,3.0,10.0,2.0,26.0,1.0,5.0,3.0,310.0,0,2.0,3.0,32.0,13.0,4.0,9.0,5.0,5.0,4
14147297,327162,Mladost DG,away,3.0,20.0,315.0,0.0,16.0,54.0,2.0,5.0,6.0,7.0,40.0,1.35,18.0,4.0,6.0,1.0,40.0,0.0,19.0,1.0,388.0,0,5.0,4.0,23.0,14.0,7.0,11.0,4.0,3.0,5
14147298,6226,FK Dečić Tuzi,home,3.0,32.0,366.0,1.0,10.0,50.0,0.0,3.0,9.0,8.0,33.0,1.31,12.0,3.0,11.0,2.0,44.0,0.0,19.0,4.0,435.0,0,7.0,4.0,22.0,11.0,6.0,11.0,5.0,3.0,1
14147298,36019,FK Mornar Bar,away,4.0,18.0,301.0,1.0,20.0,50.0,5.0,4.0,11.0,19.0,42.0,1.74,16.0,1.0,8.0,2.0,48.0,0.0,9.0,2.0,383.0,0,3.0,3.0,22.0,8.0,9.0,11.0,2.0,0.0,2
14147299,5143,FK Budućnost Podgorica,home,3.0,21.0,272.0,1.0,4.0,47.0,9.0,8.0,4.0,21.0,37.0,1.79,11.0,0.0,9.0,2.0,45.0,1.0,11.0,4.0,342.0,0,5.0,5.0,27.0,13.0,11.0,20.0,9.0,4.0,0
14147299,6226,FK Dečić Tuzi,away,8.0,23.0,329.0,0.0,11.0,53.0,4.0,8.0,5.0,11.0,30.0,0.59,8.0,3.0,10.0,3.0,31.0,0.0,9.0,3.0,386.0,0,4.0,2.0,13.0,13.0,4.0,10.0,6.0,2.0,1
14147300,6226,FK Dečić Tuzi,home,1.0,34.0,327.0,1.0,11.0,49.0,0.0,2.0,5.0,10.0,30.0,0.3,16.0,0.0,10.0,2.0,25.0,0.0,15.0,3.0,417.0,0,1.0,3.0,28.0,19.0,4.0,4.0,0.0,4.0,3
14147300,327162,Mladost DG,away,6.0,26.0,395.0,0.0,9.0,51.0,2.0,3.0,4.0,19.0,41.0,0.61,12.0,2.0,4.0,0.0,46.0,0.0,14.0,4.0,482.0,0,6.0,4.0,26.0,12.0,4.0,12.0,8.0,6.0,1
14147301,6216,OFK Petrovac,home,5.0,33.0,396.0,1.0,17.0,54.0,3.0,3.0,7.0,16.0,44.0,2.61,10.0,5.0,7.0,1.0,48.0,1.0,19.0,2.0,472.0,0,8.0,6.0,26.0,14.0,11.0,18.0,7.0,5.0,1
14147301,24312,FK Jezero,away,0.0,29.0,334.0,3.0,10.0,46.0,2.0,2.0,2.0,12.0,28.0,0.7,17.0,1.0,14.0,5.0,28.0,0.0,19.0,1.0,409.0,0,5.0,2.0,19.0,28.0,4.0,9.0,5.0,5.0,1
14147302,36019,FK Mornar Bar,home,3.0,19.0,312.0,1.0,13.0,54.0,1.0,3.0,3.0,11.0,40.0,3.36,18.0,3.0,4.0,1.0,49.0,0.0,14.0,2.0,414.0,0,4.0,5.0,24.0,11.0,9.0,10.0,1.0,1.0,3
14147302,327162,Mladost DG,away,2.0,25.0,265.0,0.0,6.0,46.0,3.0,3.0,6.0,12.0,30.0,1.2,20.0,1.0,9.0,3.0,42.0,0.0,20.0,2.0,367.0,0,3.0,2.0,28.0,18.0,5.0,8.0,3.0,5.0,3
14147303,6216,OFK Petrovac,home,7.0,23.0,390.0,0.0,14.0,59.0,3.0,3.0,7.0,9.0,45.0,0.49,18.0,3.0,5.0,1.0,42.0,0.0,10.0,1.0,472.0,0,5.0,2.0,29.0,8.0,5.0,10.0,5.0,4.0,2
14147303,37956,FK Arsenal Tivat,away,4.0,32.0,234.0,2.0,15.0,41.0,3.0,1.0,7.0,11.0,32.0,0.85,19.0,2.0,10.0,2.0,33.0,1.0,23.0,0.0,310.0,0,4.0,1.0,21.0,13.0,4.0,9.0,5.0,6.0,2
14147304,37956,FK Arsenal Tivat,home,2.0,20.0,160.0,0.0,10.0,34.0,1.0,6.0,4.0,12.0,41.0,0.73,17.0,5.0,11.0,2.0,44.0,0.0,5.0,1.0,218.0,0,3.0,4.0,22.0,13.0,5.0,8.0,3.0,4.0,2
14147304,24312,FK Jezero,away,8.0,13.0,442.0,2.0,14.0,66.0,1.0,4.0,2.0,21.0,37.0,1.28,24.0,3.0,10.0,2.0,47.0,0.0,13.0,1.0,506.0,0,7.0,4.0,21.0,23.0,9.0,12.0,3.0,5.0,3
14147307,37956,FK Arsenal Tivat,home,3.0,22.0,153.0,0.0,17.0,33.0,1.0,3.0,9.0,13.0,35.0,0.79,16.0,1.0,8.0,2.0,47.0,1.0,16.0,2.0,227.0,0,4.0,0.0,27.0,39.0,4.0,6.0,2.0,3.0,1
14147307,5143,FK Budućnost Podgorica,away,9.0,32.0,421.0,3.0,24.0,67.0,1.0,7.0,7.0,16.0,41.0,0.71,16.0,5.0,10.0,0.0,51.0,0.0,14.0,3.0,519.0,0,2.0,2.0,40.0,22.0,3.0,5.0,2.0,2.0,1
14147308,327162,Mladost DG,home,7.0,18.0,331.0,0.0,7.0,51.0,1.0,2.0,10.0,11.0,36.0,2.03,6.0,3.0,9.0,2.0,55.0,0.0,17.0,1.0,403.0,0,8.0,7.0,18.0,12.0,9.0,16.0,7.0,6.0,0
14147308,5143,FK Budućnost Podgorica,away,0.0,25.0,318.0,0.0,13.0,49.0,5.0,6.0,8.0,12.0,34.0,0.72,16.0,0.0,13.0,4.0,43.0,1.0,7.0,0.0,400.0,0,5.0,3.0,19.0,15.0,8.0,14.0,6.0,4.0,2
14147309,5143,FK Budućnost Podgorica,home,5.0,22.0,293.0,1.0,13.0,54.0,6.0,7.0,4.0,26.0,44.0,1.3,12.0,3.0,7.0,8.0,61.0,0.0,16.0,1.0,384.0,0,5.0,4.0,23.0,23.0,4.0,15.0,11.0,6.0,1
14147309,6224,FK Sutjeska Nikšić,away,2.0,11.0,305.0,1.0,15.0,46.0,2.0,11.0,10.0,15.0,31.0,0.85,16.0,3.0,11.0,4.0,45.0,0.0,20.0,1.0,390.0,0,4.0,8.0,22.0,10.0,9.0,14.0,5.0,2.0,3
14147310,37956,FK Arsenal Tivat,home,6.0,26.0,192.0,1.0,19.0,44.0,0.0,0.0,9.0,8.0,31.0,0.99,14.0,3.0,12.0,6.0,35.0,0.0,3.0,3.0,284.0,0,4.0,3.0,28.0,32.0,3.0,7.0,4.0,3.0,3
14147310,6219,FK Jedinstvo Bijelo Polje,away,10.0,22.0,247.0,2.0,25.0,56.0,3.0,11.0,7.0,28.0,46.0,1.49,15.0,4.0,8.0,2.0,51.0,0.0,11.0,3.0,339.0,0,5.0,6.0,39.0,13.0,6.0,14.0,8.0,3.0,1
14147311,24312,FK Jezero,home,2.0,15.0,314.0,1.0,14.0,44.0,3.0,3.0,7.0,18.0,40.0,1.04,12.0,1.0,14.0,0.0,51.0,0.0,15.0,3.0,388.0,0,6.0,7.0,12.0,25.0,7.0,16.0,9.0,7.0,0
14147311,6224,FK Sutjeska Nikšić,away,9.0,23.0,411.0,1.0,16.0,56.0,2.0,4.0,1.0,16.0,35.0,0.9,11.0,2.0,10.0,5.0,38.0,0.0,13.0,0.0,497.0,0,6.0,1.0,34.0,9.0,7.0,9.0,2.0,1.0,1
14147312,6219,FK Jedinstvo Bijelo Polje,home,5.0,18.0,158.0,1.0,14.0,32.0,1.0,2.0,5.0,17.0,31.0,0.8,22.0,1.0,11.0,7.0,37.0,0.0,19.0,3.0,240.0,0,4.0,5.0,22.0,20.0,2.0,10.0,8.0,6.0,3
14147312,36019,FK Mornar Bar,away,4.0,23.0,368.0,0.0,8.0,68.0,2.0,5.0,10.0,16.0,33.0,1.82,11.0,3.0,9.0,3.0,48.0,0.0,13.0,5.0,462.0,0,2.0,8.0,33.0,17.0,6.0,12.0,6.0,3.0,2
14147313,6219,FK Jedinstvo Bijelo Polje,home,5.0,24.0,226.0,1.0,14.0,37.0,2.0,6.0,3.0,16.0,37.0,0.37,16.0,0.0,12.0,5.0,49.0,1.0,12.0,3.0,288.0,1,3.0,1.0,17.0,29.0,4.0,7.0,3.0,9.0,2
14147313,6226,FK Dečić Tuzi,away,7.0,27.0,476.0,0.0,12.0,63.0,2.0,5.0,8.0,9.0,40.0,1.48,8.0,0.0,4.0,1.0,32.0,0.0,22.0,1.0,550.0,0,6.0,6.0,20.0,11.0,9.0,14.0,5.0,1.0,2
14147314,6224,FK Sutjeska Nikšić,home,5.0,17.0,354.0,2.0,10.0,50.0,1.0,5.0,6.0,14.0,33.0,2.78,12.0,3.0,10.0,4.0,42.0,0.0,19.0,0.0,427.0,0,8.0,9.0,30.0,25.0,14.0,18.0,4.0,6.0,2
14147314,36019,FK Mornar Bar,away,5.0,20.0,311.0,0.0,10.0,50.0,2.0,4.0,10.0,15.0,39.0,0.9,10.0,3.0,8.0,6.0,53.0,0.0,16.0,0.0,391.0,0,5.0,4.0,26.0,24.0,7.0,11.0,4.0,12.0,1
14147315,36019,FK Mornar Bar,home,4.0,36.0,462.0,3.0,9.0,69.0,2.0,5.0,11.0,18.0,37.0,1.89,10.0,3.0,5.0,3.0,56.0,0.0,12.0,3.0,548.0,1,1.0,6.0,28.0,14.0,7.0,9.0,2.0,5.0,5
14147315,37956,FK Arsenal Tivat,away,3.0,23.0,166.0,1.0,13.0,31.0,2.0,4.0,4.0,9.0,31.0,0.71,18.0,2.0,1.0,4.0,39.0,0.0,12.0,3.0,230.0,0,3.0,5.0,29.0,35.0,5.0,10.0,5.0,3.0,2
14147316,7581,FK Bokelj Kotor,home,9.0,49.0,363.0,4.0,23.0,50.0,1.0,4.0,10.0,23.0,38.0,1.54,12.0,3.0,9.0,3.0,48.0,1.0,11.0,1.0,442.0,0,5.0,5.0,20.0,13.0,6.0,12.0,6.0,8.0,1
14147316,36019,FK Mornar Bar,away,2.0,32.0,373.0,0.0,27.0,50.0,1.0,3.0,6.0,17.0,41.0,1.08,14.0,4.0,7.0,5.0,46.0,1.0,22.0,1.0,443.0,0,8.0,5.0,14.0,14.0,5.0,15.0,10.0,3.0,2
14147317,6226,FK Dečić Tuzi,home,7.0,34.0,406.0,2.0,16.0,55.0,2.0,5.0,5.0,15.0,36.0,2.01,15.0,1.0,5.0,1.0,37.0,1.0,20.0,2.0,476.0,0,5.0,4.0,20.0,14.0,7.0,12.0,5.0,3.0,0
14147317,6216,OFK Petrovac,away,5.0,33.0,315.0,0.0,22.0,45.0,3.0,2.0,3.0,7.0,36.0,0.67,10.0,2.0,9.0,2.0,34.0,0.0,14.0,2.0,386.0,0,1.0,3.0,25.0,25.0,2.0,7.0,5.0,2.0,3
14147318,6224,FK Sutjeska Nikšić,home,5.0,27.0,401.0,0.0,20.0,58.0,1.0,4.0,13.0,10.0,40.0,0.69,14.0,1.0,7.0,3.0,35.0,0.0,10.0,2.0,496.0,0,5.0,4.0,32.0,9.0,5.0,10.0,5.0,4.0,1
14147318,37956,FK Arsenal Tivat,away,1.0,28.0,256.0,0.0,8.0,42.0,1.0,2.0,9.0,12.0,31.0,0.49,18.0,1.0,7.0,2.0,40.0,0.0,27.0,4.0,337.0,0,3.0,3.0,31.0,33.0,2.0,7.0,5.0,1.0,0
14147319,24312,FK Jezero,home,3.0,21.0,284.0,0.0,12.0,47.0,4.0,1.0,5.0,14.0,42.0,1.08,5.0,6.0,9.0,3.0,48.0,1.0,21.0,1.0,372.0,0,5.0,4.0,25.0,25.0,6.0,14.0,8.0,9.0,1
14147319,5143,FK Budućnost Podgorica,away,5.0,27.0,363.0,1.0,7.0,53.0,4.0,6.0,6.0,15.0,31.0,1.91,12.0,1.0,9.0,3.0,36.0,0.0,10.0,5.0,456.0,0,5.0,5.0,29.0,10.0,8.0,14.0,6.0,5.0,3
14147320,24312,FK Jezero,home,1.0,22.0,391.0,4.0,13.0,51.0,0.0,3.0,7.0,20.0,42.0,1.06,11.0,2.0,6.0,3.0,43.0,0.0,19.0,3.0,439.0,0,7.0,6.0,20.0,18.0,6.0,13.0,7.0,2.0,1
14147320,6226,FK Dečić Tuzi,away,7.0,15.0,350.0,0.0,11.0,49.0,1.0,1.0,6.0,16.0,38.0,0.44,15.0,2.0,8.0,1.0,41.0,0.0,6.0,0.0,418.0,1,1.0,3.0,23.0,13.0,4.0,5.0,1.0,4.0,3
14147321,5143,FK Budućnost Podgorica,home,5.0,26.0,412.0,2.0,13.0,60.0,5.0,7.0,6.0,21.0,40.0,1.47,13.0,3.0,5.0,3.0,50.0,0.0,20.0,4.0,495.0,0,4.0,7.0,21.0,13.0,8.0,16.0,8.0,3.0,2
14147321,6219,FK Jedinstvo Bijelo Polje,away,9.0,19.0,250.0,1.0,8.0,40.0,3.0,2.0,7.0,17.0,33.0,0.7,13.0,2.0,8.0,6.0,46.0,1.0,17.0,0.0,316.0,0,2.0,4.0,17.0,19.0,3.0,10.0,7.0,7.0,4
14147322,6216,OFK Petrovac,home,4.0,31.0,261.0,5.0,8.0,41.0,6.0,6.0,9.0,13.0,32.0,1.07,16.0,2.0,11.0,4.0,44.0,1.0,13.0,3.0,341.0,0,2.0,6.0,20.0,17.0,7.0,15.0,8.0,2.0,1
14147322,327162,Mladost DG,away,5.0,18.0,370.0,3.0,14.0,59.0,0.0,8.0,7.0,21.0,40.0,0.56,11.0,5.0,5.0,2.0,46.0,0.0,22.0,6.0,457.0,0,3.0,3.0,21.0,17.0,2.0,7.0,5.0,5.0,1
14147323,6224,FK Sutjeska Nikšić,home,6.0,19.0,385.0,2.0,16.0,56.0,8.0,9.0,4.0,23.0,39.0,2.28,14.0,2.0,6.0,2.0,45.0,0.0,19.0,1.0,450.0,0,5.0,8.0,21.0,17.0,15.0,21.0,6.0,5.0,1
14147323,6216,OFK Petrovac,away,4.0,29.0,339.0,0.0,16.0,44.0,2.0,7.0,6.0,16.0,35.0,0.59,17.0,1.0,11.0,8.0,36.0,0.0,16.0,3.0,405.0,0,1.0,3.0,15.0,28.0,1.0,6.0,5.0,7.0,4
14147324,6226,FK Dečić Tuzi,home,4.0,34.0,255.0,3.0,19.0,43.0,1.0,3.0,7.0,13.0,35.0,1.61,16.0,2.0,5.0,5.0,40.0,0.0,22.0,2.0,319.0,0,3.0,5.0,17.0,33.0,6.0,9.0,3.0,2.0,1
14147324,6224,FK Sutjeska Nikšić,away,7.0,30.0,401.0,4.0,15.0,57.0,3.0,5.0,8.0,10.0,36.0,1.22,12.0,4.0,8.0,2.0,51.0,0.0,13.0,5.0,494.0,0,4.0,6.0,23.0,7.0,8.0,13.0,5.0,1.0,2
14147325,327162,Mladost DG,home,3.0,21.0,294.0,2.0,16.0,58.0,3.0,3.0,13.0,23.0,43.0,0.82,16.0,5.0,3.0,3.0,71.0,0.0,20.0,1.0,382.0,1,7.0,3.0,40.0,17.0,6.0,13.0,7.0,10.0,4
14147325,24312,FK Jezero,away,2.0,27.0,268.0,1.0,17.0,42.0,2.0,2.0,13.0,16.0,31.0,0.73,19.0,2.0,11.0,3.0,47.0,0.0,9.0,5.0,352.0,0,1.0,4.0,33.0,19.0,6.0,7.0,1.0,6.0,2
14147326,37956,FK Arsenal Tivat,home,3.0,28.0,186.0,1.0,19.0,43.0,0.0,3.0,6.0,13.0,33.0,0.44,11.0,0.0,9.0,1.0,38.0,1.0,14.0,2.0,294.0,0,3.0,5.0,35.0,40.0,5.0,9.0,4.0,2.0,0
14147326,7581,FK Bokelj Kotor,away,8.0,36.0,304.0,2.0,18.0,57.0,2.0,3.0,5.0,14.0,34.0,1.4,9.0,6.0,8.0,3.0,41.0,1.0,11.0,1.0,415.0,0,5.0,1.0,49.0,12.0,6.0,9.0,3.0,2.0,2
14147327,6224,FK Sutjeska Nikšić,home,2.0,25.0,289.0,0.0,9.0,45.0,2.0,6.0,1.0,13.0,36.0,1.14,13.0,5.0,6.0,7.0,49.0,0.0,19.0,1.0,361.0,0,4.0,6.0,12.0,7.0,7.0,12.0,5.0,5.0,1
14147327,327162,Mladost DG,away,8.0,20.0,382.0,1.0,10.0,55.0,4.0,5.0,13.0,24.0,44.0,2.03,15.0,3.0,8.0,3.0,62.0,1.0,6.0,1.0,457.0,0,3.0,8.0,21.0,14.0,9.0,16.0,7.0,7.0,0
14147328,6219,FK Jedinstvo Bijelo Polje,home,4.0,27.0,232.0,1.0,20.0,40.0,1.0,3.0,8.0,12.0,36.0,0.83,10.0,3.0,12.0,3.0,43.0,0.0,19.0,1.0,317.0,0,7.0,7.0,28.0,24.0,4.0,15.0,11.0,6.0,0
14147328,6216,OFK Petrovac,away,5.0,29.0,380.0,4.0,19.0,60.0,5.0,11.0,15.0,16.0,34.0,0.85,9.0,1.0,8.0,6.0,41.0,0.0,15.0,3.0,471.0,0,9.0,3.0,32.0,16.0,6.0,17.0,11.0,4.0,2
14147329,36019,FK Mornar Bar,home,8.0,25.0,289.0,0.0,17.0,59.0,2.0,8.0,16.0,15.0,43.0,1.31,12.0,5.0,4.0,2.0,71.0,1.0,15.0,0.0,383.0,0,5.0,4.0,35.0,14.0,5.0,12.0,7.0,4.0,4
14147329,5143,FK Budućnost Podgorica,away,2.0,18.0,174.0,2.0,14.0,41.0,3.0,3.0,3.0,11.0,32.0,0.58,23.0,2.0,11.0,3.0,48.0,0.0,12.0,4.0,278.0,0,3.0,3.0,35.0,21.0,5.0,9.0,4.0,3.0,5
14147330,37956,FK Arsenal Tivat,home,3.0,29.0,232.0,0.0,24.0,44.0,1.0,3.0,2.0,6.0,34.0,0.38,16.0,0.0,5.0,3.0,25.0,0.0,6.0,2.0,342.0,0,1.0,2.0,35.0,6.0,1.0,4.0,3.0,1.0,0
14147330,6226,FK Dečić Tuzi,away,7.0,48.0,371.0,7.0,31.0,56.0,3.0,1.0,7.0,16.0,40.0,0.41,8.0,1.0,6.0,2.0,46.0,0.0,20.0,0.0,454.0,0,3.0,3.0,32.0,7.0,5.0,9.0,4.0,1.0,2
14147331,24312,FK Jezero,home,6.0,28.0,477.0,0.0,13.0,65.0,5.0,7.0,6.0,20.0,37.0,1.62,12.0,3.0,8.0,5.0,55.0,0.0,14.0,2.0,571.0,0,5.0,3.0,26.0,14.0,8.0,13.0,5.0,4.0,1
14147331,6219,FK Jedinstvo Bijelo Polje,away,3.0,19.0,197.0,2.0,12.0,35.0,0.0,2.0,7.0,14.0,33.0,1.4,15.0,2.0,13.0,2.0,50.0,0.0,24.0,2.0,280.0,0,5.0,7.0,26.0,26.0,7.0,12.0,5.0,6.0,0
14147332,6216,OFK Petrovac,home,4.0,36.0,283.0,0.0,17.0,53.0,4.0,5.0,6.0,18.0,41.0,1.43,12.0,4.0,8.0,2.0,45.0,0.0,8.0,4.0,383.0,0,6.0,4.0,21.0,11.0,6.0,14.0,8.0,3.0,2
14147332,36019,FK Mornar Bar,away,2.0,35.0,239.0,2.0,25.0,47.0,2.0,4.0,7.0,12.0,35.0,1.42,14.0,2.0,9.0,3.0,32.0,0.0,20.0,1.0,333.0,0,3.0,3.0,28.0,16.0,3.0,8.0,5.0,4.0,1
14147333,6226,FK Dečić Tuzi,home,15.0,36.0,512.0,1.0,33.0,69.0,6.0,10.0,3.0,14.0,45.0,1.3,12.0,1.0,5.0,3.0,30.0,1.0,6.0,1.0,590.0,0,5.0,6.0,27.0,17.0,9.0,18.0,9.0,4.0,2
14147333,7581,FK Bokelj Kotor,away,4.0,35.0,164.0,0.0,22.0,31.0,1.0,2.0,7.0,11.0,36.0,0.7,11.0,1.0,8.0,7.0,33.0,0.0,14.0,2.0,235.0,0,1.0,5.0,20.0,24.0,4.0,7.0,3.0,2.0,1
14147334,7581,FK Bokelj Kotor,home,3.0,25.0,198.0,3.0,12.0,42.0,2.0,6.0,11.0,8.0,37.0,1.43,11.0,3.0,5.0,1.0,44.0,1.0,20.0,4.0,286.0,0,2.0,5.0,35.0,14.0,4.0,10.0,6.0,3.0,1
14147334,5143,FK Budućnost Podgorica,away,5.0,25.0,423.0,4.0,25.0,58.0,2.0,4.0,10.0,12.0,41.0,0.57,17.0,1.0,7.0,5.0,37.0,0.0,17.0,2.0,500.0,0,4.0,3.0,15.0,23.0,4.0,9.0,5.0,2.0,2
14147335,327162,Mladost DG,home,1.0,31.0,353.0,0.0,10.0,58.0,0.0,7.0,4.0,14.0,34.0,1.99,10.0,1.0,4.0,1.0,43.0,2.0,14.0,1.0,450.0,0,4.0,4.0,33.0,9.0,8.0,10.0,2.0,4.0,2
14147335,37956,FK Arsenal Tivat,away,4.0,25.0,250.0,1.0,19.0,42.0,2.0,2.0,7.0,8.0,32.0,0.62,12.0,2.0,9.0,2.0,39.0,0.0,20.0,3.0,335.0,0,2.0,1.0,32.0,20.0,2.0,5.0,3.0,2.0,1
14147336,6219,FK Jedinstvo Bijelo Polje,home,3.0,37.0,323.0,3.0,24.0,52.0,2.0,6.0,10.0,9.0,37.0,0.66,17.0,1.0,7.0,2.0,50.0,0.0,13.0,3.0,404.0,0,7.0,3.0,22.0,20.0,5.0,12.0,7.0,8.0,0
14147336,6224,FK Sutjeska Nikšić,away,1.0,27.0,263.0,0.0,24.0,48.0,2.0,2.0,20.0,14.0,31.0,0.16,7.0,3.0,10.0,3.0,41.0,0.0,13.0,5.0,350.0,0,3.0,2.0,27.0,23.0,0.0,7.0,7.0,1.0,0
14147337,36019,FK Mornar Bar,home,2.0,23.0,227.0,0.0,12.0,43.0,0.0,4.0,7.0,8.0,33.0,1.4,17.0,1.0,11.0,5.0,39.0,1.0,17.0,0.0,307.0,1,4.0,3.0,19.0,26.0,5.0,8.0,3.0,3.0,7
14147337,24312,FK Jezero,away,8.0,22.0,448.0,6.0,9.0,57.0,2.0,8.0,9.0,12.0,35.0,1.88,10.0,1.0,5.0,2.0,46.0,0.0,15.0,1.0,536.0,0,7.0,6.0,22.0,8.0,7.0,15.0,8.0,5.0,0
14147338,5143,FK Budućnost Podgorica,home,4.0,36.0,460.0,1.0,9.0,59.0,0.0,5.0,1.0,12.0,39.0,0.73,15.0,0.0,4.0,4.0,34.0,0.0,19.0,3.0,557.0,0,6.0,6.0,30.0,15.0,7.0,12.0,5.0,3.0,5
14147338,6216,OFK Petrovac,away,0.0,28.0,290.0,4.0,9.0,41.0,2.0,3.0,8.0,5.0,32.0,1.03,12.0,3.0,11.0,5.0,29.0,0.0,27.0,1.0,367.0,0,3.0,5.0,19.0,22.0,5.0,10.0,5.0,3.0,1
14147339,327162,Mladost DG,home,5.0,31.0,475.0,2.0,16.0,70.0,3.0,7.0,13.0,25.0,39.0,1.54,6.0,2.0,6.0,6.0,53.0,0.0,15.0,2.0,568.0,0,6.0,3.0,33.0,14.0,8.0,12.0,4.0,6.0,0
14147339,6226,FK Dečić Tuzi,away,2.0,19.0,175.0,1.0,24.0,30.0,0.0,3.0,4.0,17.0,34.0,2.53,16.0,1.0,12.0,3.0,39.0,0.0,13.0,0.0,250.0,0,2.0,8.0,21.0,25.0,8.0,10.0,2.0,3.0,3
14147340,36019,FK Mornar Bar,home,7.0,21.0,220.0,0.0,17.0,48.0,2.0,7.0,13.0,14.0,40.0,1.52,13.0,3.0,8.0,1.0,54.0,0.0,21.0,0.0,291.0,1,5.0,6.0,28.0,38.0,9.0,13.0,4.0,3.0,5
14147340,6224,FK Sutjeska Nikšić,away,7.0,23.0,256.0,3.0,14.0,52.0,1.0,4.0,8.0,11.0,36.0,0.39,16.0,5.0,6.0,5.0,55.0,1.0,12.0,3.0,348.0,0,6.0,1.0,39.0,16.0,4.0,9.0,5.0,8.0,2
14147341,6219,FK Jedinstvo Bijelo Polje,home,8.0,27.0,388.0,3.0,21.0,64.0,2.0,1.0,15.0,23.0,38.0,0.39,20.0,6.0,4.0,4.0,57.0,0.0,7.0,3.0,464.0,0,1.0,3.0,32.0,11.0,3.0,6.0,3.0,3.0,2
14147341,37956,FK Arsenal Tivat,away,3.0,21.0,197.0,2.0,18.0,36.0,0.0,3.0,1.0,11.0,36.0,0.4,16.0,4.0,8.0,3.0,52.0,0.0,13.0,6.0,288.0,1,2.0,4.0,16.0,21.0,2.0,6.0,4.0,4.0,3
14147342,7581,FK Bokelj Kotor,home,6.0,22.0,221.0,1.0,18.0,35.0,2.0,0.0,4.0,13.0,30.0,1.2,16.0,3.0,8.0,4.0,38.0,0.0,16.0,1.0,297.0,0,1.0,2.0,25.0,14.0,3.0,5.0,2.0,6.0,0
14147342,6216,OFK Petrovac,away,6.0,27.0,454.0,1.0,22.0,65.0,5.0,3.0,5.0,24.0,42.0,2.91,15.0,3.0,5.0,1.0,56.0,0.0,12.0,5.0,538.0,0,6.0,6.0,33.0,12.0,6.0,17.0,11.0,2.0,2
14147343,5143,FK Budućnost Podgorica,home,4.0,30.0,463.0,8.0,19.0,60.0,2.0,7.0,10.0,21.0,45.0,0.57,14.0,2.0,7.0,4.0,67.0,0.0,17.0,1.0,558.0,0,3.0,2.0,24.0,25.0,5.0,7.0,2.0,6.0,4
14147343,24312,FK Jezero,away,1.0,28.0,360.0,2.0,16.0,40.0,1.0,4.0,7.0,16.0,28.0,0.7,15.0,0.0,12.0,1.0,41.0,0.0,33.0,2.0,431.0,0,3.0,5.0,26.0,24.0,5.0,9.0,4.0,8.0,2
14147345,6216,OFK Petrovac,home,7.0,31.0,350.0,3.0,21.0,60.0,2.0,8.0,2.0,14.0,43.0,1.14,6.0,2.0,6.0,0.0,51.0,1.0,12.0,3.0,438.0,0,8.0,7.0,20.0,9.0,9.0,18.0,9.0,2.0,1
14147345,6224,FK Sutjeska Nikšić,away,3.0,10.0,208.0,0.0,12.0,40.0,5.0,2.0,6.0,13.0,32.0,0.73,25.0,1.0,17.0,7.0,35.0,0.0,16.0,4.0,290.0,0,5.0,1.0,29.0,18.0,5.0,11.0,6.0,4.0,2
14147346,327162,Mladost DG,home,3.0,29.0,280.0,0.0,21.0,49.0,4.0,6.0,8.0,14.0,39.0,1.94,20.0,2.0,6.0,2.0,47.0,0.0,18.0,0.0,358.0,0,2.0,9.0,31.0,19.0,9.0,15.0,6.0,6.0,1
14147346,7581,FK Bokelj Kotor,away,4.0,20.0,274.0,0.0,16.0,51.0,4.0,3.0,5.0,17.0,36.0,0.53,18.0,6.0,5.0,7.0,49.0,1.0,12.0,3.0,362.0,0,2.0,2.0,31.0,21.0,5.0,9.0,4.0,6.0,4
14147347,6224,FK Sutjeska Nikšić,home,2.0,17.0,223.0,2.0,5.0,43.0,0.0,3.0,6.0,15.0,32.0,0.26,20.0,2.0,9.0,3.0,44.0,0.0,18.0,0.0,316.0,0,5.0,2.0,20.0,14.0,3.0,7.0,4.0,7.0,1
14147347,5143,FK Budućnost Podgorica,away,5.0,33.0,329.0,1.0,12.0,57.0,2.0,1.0,4.0,13.0,41.0,1.82,11.0,2.0,12.0,2.0,51.0,2.0,25.0,4.0,422.0,0,1.0,4.0,26.0,8.0,7.0,9.0,2.0,3.0,4
14147348,24312,FK Jezero,home,1.0,16.0,437.0,1.0,9.0,53.0,1.0,0.0,3.0,12.0,33.0,0.65,12.0,2.0,7.0,3.0,39.0,0.0,14.0,1.0,536.0,0,3.0,2.0,25.0,18.0,1.0,6.0,5.0,4.0,2
14147348,6216,OFK Petrovac,away,0.0,33.0,345.0,2.0,7.0,47.0,3.0,3.0,11.0,12.0,37.0,0.86,16.0,1.0,4.0,1.0,53.0,0.0,16.0,3.0,431.0,0,4.0,5.0,24.0,9.0,3.0,12.0,9.0,3.0,2
14147349,7581,FK Bokelj Kotor,home,8.0,31.0,227.0,4.0,14.0,40.0,1.0,5.0,10.0,12.0,32.0,3.32,18.0,2.0,5.0,5.0,33.0,0.0,14.0,1.0,297.0,0,7.0,7.0,29.0,18.0,11.0,15.0,4.0,4.0,0
14147349,24312,FK Jezero,away,5.0,19.0,385.0,0.0,19.0,60.0,3.0,3.0,5.0,23.0,42.0,0.94,9.0,4.0,8.0,4.0,54.0,2.0,8.0,2.0,469.0,0,3.0,4.0,32.0,13.0,7.0,12.0,5.0,3.0,0
14147350,6226,FK Dečić Tuzi,home,3.0,35.0,249.0,3.0,14.0,53.0,2.0,5.0,7.0,14.0,35.0,0.54,11.0,3.0,12.0,2.0,46.0,0.0,4.0,4.0,365.0,0,3.0,2.0,37.0,7.0,5.0,7.0,2.0,4.0,2
14147350,6219,FK Jedinstvo Bijelo Polje,away,1.0,19.0,220.0,2.0,16.0,47.0,6.0,7.0,10.0,18.0,35.0,0.91,13.0,4.0,14.0,1.0,43.0,0.0,23.0,0.0,324.0,1,8.0,2.0,29.0,14.0,7.0,16.0,9.0,5.0,3
14147351,6219,FK Jedinstvo Bijelo Polje,home,4.0,26.0,276.0,0.0,15.0,50.0,6.0,7.0,5.0,13.0,35.0,1.7,11.0,1.0,7.0,1.0,41.0,0.0,13.0,1.0,373.0,0,4.0,2.0,28.0,21.0,6.0,12.0,6.0,8.0,1
14147351,327162,Mladost DG,away,2.0,34.0,315.0,0.0,20.0,50.0,2.0,8.0,9.0,11.0,34.0,0.71,12.0,2.0,3.0,3.0,35.0,0.0,17.0,0.0,405.0,0,2.0,2.0,28.0,17.0,3.0,6.0,3.0,2.0,1
14147352,5143,FK Budućnost Podgorica,home,4.0,31.0,411.0,6.0,17.0,55.0,5.0,7.0,6.0,23.0,42.0,3.36,11.0,1.0,4.0,1.0,55.0,0.0,16.0,4.0,492.0,0,6.0,8.0,20.0,22.0,11.0,19.0,8.0,2.0,2
14147352,37956,FK Arsenal Tivat,away,6.0,18.0,294.0,3.0,9.0,45.0,3.0,3.0,9.0,18.0,31.0,1.21,6.0,2.0,10.0,4.0,43.0,1.0,15.0,0.0,375.0,1,4.0,3.0,21.0,12.0,5.0,11.0,6.0,2.0,2
14147353,36019,FK Mornar Bar,home,7.0,35.0,348.0,0.0,29.0,54.0,2.0,4.0,10.0,35.0,48.0,1.52,16.0,1.0,8.0,0.0,59.0,2.0,9.0,5.0,413.0,0,12.0,5.0,19.0,16.0,12.0,21.0,9.0,7.0,1
14147353,6226,FK Dečić Tuzi,away,4.0,34.0,333.0,1.0,10.0,46.0,2.0,2.0,3.0,12.0,31.0,0.2,13.0,2.0,13.0,4.0,42.0,0.0,7.0,3.0,397.0,0,3.0,0.0,17.0,10.0,1.0,5.0,4.0,1.0,0
14147355,6219,FK Jedinstvo Bijelo Polje,home,5.0,34.0,304.0,1.0,29.0,54.0,2.0,5.0,8.0,9.0,37.0,0.59,17.0,2.0,8.0,4.0,36.0,0.0,26.0,1.0,394.0,0,3.0,3.0,27.0,23.0,3.0,8.0,5.0,8.0,2
14147355,7581,FK Bokelj Kotor,away,5.0,30.0,195.0,0.0,29.0,46.0,5.0,4.0,4.0,11.0,33.0,0.75,16.0,2.0,9.0,3.0,37.0,0.0,14.0,1.0,296.0,0,4.0,4.0,33.0,23.0,7.0,13.0,6.0,4.0,3
14147356,7581,FK Bokelj Kotor,home,4.0,26.0,244.0,0.0,17.0,41.0,3.0,4.0,8.0,8.0,32.0,1.2,20.0,4.0,6.0,2.0,43.0,0.0,13.0,1.0,330.0,0,2.0,4.0,20.0,25.0,7.0,9.0,2.0,9.0,2
14147356,6224,FK Sutjeska Nikšić,away,4.0,18.0,389.0,2.0,18.0,59.0,2.0,1.0,11.0,22.0,38.0,1.56,13.0,5.0,4.0,0.0,58.0,0.0,14.0,1.0,468.0,0,5.0,7.0,29.0,18.0,7.0,14.0,7.0,1.0,3
14147357,327162,Mladost DG,home,12.0,24.0,417.0,1.0,15.0,64.0,7.0,1.0,1.0,25.0,37.0,2.96,11.0,6.0,8.0,1.0,56.0,0.0,13.0,2.0,507.0,1,7.0,5.0,20.0,19.0,10.0,19.0,9.0,2.0,1
14147357,36019,FK Mornar Bar,away,3.0,15.0,182.0,1.0,15.0,36.0,3.0,2.0,6.0,15.0,34.0,1.55,20.0,1.0,11.0,6.0,49.0,0.0,15.0,2.0,268.0,1,3.0,4.0,25.0,23.0,6.0,10.0,4.0,7.0,2
14147358,37956,FK Arsenal Tivat,home,4.0,23.0,227.0,3.0,22.0,52.0,4.0,5.0,9.0,13.0,38.0,0.73,15.0,3.0,6.0,2.0,41.0,0.0,17.0,4.0,306.0,0,3.0,6.0,29.0,29.0,9.0,13.0,4.0,4.0,3
14147358,6216,OFK Petrovac,away,9.0,34.0,233.0,5.0,19.0,48.0,5.0,6.0,3.0,18.0,41.0,1.24,16.0,5.0,8.0,3.0,43.0,0.0,16.0,3.0,314.0,1,4.0,4.0,30.0,18.0,5.0,13.0,8.0,0.0,3
14147359,6224,FK Sutjeska Nikšić,home,4.0,27.0,312.0,0.0,13.0,48.0,3.0,5.0,5.0,5.0,44.0,1.74,16.0,5.0,8.0,2.0,39.0,0.0,16.0,0.0,381.0,0,4.0,9.0,23.0,20.0,12.0,16.0,4.0,4.0,1
14147359,24312,FK Jezero,away,4.0,18.0,381.0,1.0,8.0,52.0,0.0,2.0,7.0,8.0,38.0,0.34,13.0,1.0,7.0,9.0,33.0,1.0,17.0,2.0,454.0,0,5.0,2.0,20.0,15.0,4.0,8.0,4.0,3.0,1
14147360,6216,OFK Petrovac,home,6.0,32.0,281.0,0.0,30.0,59.0,4.0,4.0,3.0,22.0,54.0,0.63,16.0,5.0,3.0,2.0,56.0,0.0,10.0,5.0,360.0,0,5.0,4.0,20.0,9.0,6.0,13.0,7.0,3.0,2
14147360,6226,FK Dečić Tuzi,away,4.0,36.0,260.0,1.0,13.0,41.0,2.0,1.0,9.0,10.0,30.0,0.55,26.0,0.0,10.0,3.0,36.0,0.0,15.0,2.0,308.0,0,0.0,3.0,15.0,26.0,4.0,5.0,1.0,4.0,1
14147361,36019,FK Mornar Bar,home,6.0,30.0,330.0,1.0,28.0,61.0,4.0,7.0,6.0,29.0,44.0,1.26,17.0,3.0,8.0,4.0,52.0,1.0,8.0,5.0,435.0,0,2.0,4.0,9.0,21.0,7.0,11.0,4.0,6.0,2
14147361,6219,FK Jedinstvo Bijelo Polje,away,2.0,27.0,210.0,0.0,16.0,39.0,1.0,3.0,4.0,9.0,30.0,1.18,15.0,3.0,6.0,1.0,44.0,0.0,16.0,4.0,308.0,0,5.0,5.0,29.0,13.0,4.0,11.0,7.0,4.0,2
14147362,24312,FK Jezero,home,0.0,22.0,233.0,1.0,14.0,44.0,2.0,4.0,4.0,8.0,30.0,1.5,15.0,1.0,10.0,1.0,25.0,3.0,15.0,1.0,319.0,0,3.0,2.0,34.0,30.0,5.0,10.0,5.0,4.0,3
14147362,37956,FK Arsenal Tivat,away,7.0,22.0,296.0,1.0,22.0,56.0,2.0,5.0,1.0,13.0,35.0,0.28,9.0,5.0,7.0,0.0,30.0,0.0,17.0,3.0,402.0,0,5.0,1.0,33.0,24.0,2.0,8.0,6.0,4.0,0
14147363,5143,FK Budućnost Podgorica,home,4.0,19.0,364.0,2.0,10.0,55.0,1.0,4.0,7.0,17.0,38.0,0.63,21.0,1.0,6.0,2.0,57.0,0.0,13.0,2.0,461.0,0,1.0,2.0,22.0,16.0,4.0,4.0,0.0,7.0,6
14147363,327162,Mladost DG,away,4.0,25.0,291.0,1.0,11.0,45.0,3.0,5.0,9.0,21.0,37.0,1.49,15.0,3.0,3.0,2.0,54.0,0.0,22.0,0.0,361.0,0,5.0,3.0,30.0,18.0,6.0,11.0,5.0,5.0,4
14147364,37956,FK Arsenal Tivat,home,2.0,25.0,207.0,0.0,24.0,40.0,3.0,2.0,5.0,21.0,39.0,0.9,13.0,1.0,4.0,3.0,50.0,1.0,19.0,3.0,311.0,0,4.0,0.0,34.0,13.0,4.0,8.0,4.0,4.0,1
14147364,6224,FK Sutjeska Nikšić,away,3.0,35.0,348.0,0.0,26.0,60.0,1.0,1.0,5.0,8.0,37.0,0.17,14.0,1.0,11.0,0.0,37.0,0.0,13.0,1.0,458.0,0,0.0,3.0,31.0,13.0,0.0,4.0,4.0,1.0,3
14147365,7581,FK Bokelj Kotor,home,3.0,34.0,359.0,2.0,16.0,56.0,2.0,4.0,2.0,12.0,40.0,0.69,12.0,4.0,8.0,5.0,45.0,0.0,12.0,2.0,443.0,0,3.0,4.0,24.0,16.0,3.0,9.0,6.0,7.0,1
14147365,6219,FK Jedinstvo Bijelo Polje,away,4.0,38.0,287.0,1.0,24.0,44.0,1.0,3.0,5.0,14.0,41.0,1.84,22.0,0.0,3.0,3.0,41.0,0.0,15.0,2.0,364.0,0,3.0,6.0,20.0,22.0,8.0,10.0,2.0,4.0,3
14147366,6226,FK Dečić Tuzi,home,7.0,29.0,415.0,2.0,11.0,52.0,0.0,2.0,4.0,7.0,34.0,0.53,11.0,2.0,11.0,2.0,28.0,1.0,15.0,2.0,523.0,0,3.0,1.0,27.0,12.0,4.0,5.0,1.0,4.0,3
14147366,24312,FK Jezero,away,6.0,22.0,375.0,2.0,15.0,48.0,6.0,4.0,3.0,11.0,34.0,0.85,13.0,1.0,9.0,0.0,34.0,0.0,16.0,2.0,471.0,0,4.0,1.0,20.0,19.0,5.0,11.0,6.0,3.0,1
14147367,24312,FK Jezero,home,4.0,12.0,355.0,1.0,17.0,53.0,1.0,2.0,5.0,24.0,48.0,2.53,16.0,2.0,8.0,3.0,47.0,0.0,21.0,0.0,448.0,0,7.0,6.0,38.0,13.0,7.0,14.0,7.0,0.0,1
14147367,7581,FK Bokelj Kotor,away,6.0,25.0,314.0,1.0,7.0,47.0,2.0,2.0,7.0,8.0,29.0,1.3,16.0,2.0,10.0,4.0,37.0,0.0,17.0,2.0,404.0,0,4.0,4.0,26.0,17.0,8.0,10.0,2.0,6.0,4
14147368,6219,FK Jedinstvo Bijelo Polje,home,2.0,35.0,206.0,1.0,23.0,38.0,1.0,4.0,9.0,16.0,34.0,0.31,14.0,1.0,9.0,1.0,41.0,1.0,24.0,4.0,297.0,0,4.0,1.0,25.0,17.0,2.0,7.0,5.0,3.0,3
14147368,5143,FK Budućnost Podgorica,away,5.0,31.0,357.0,7.0,21.0,62.0,5.0,6.0,8.0,12.0,35.0,0.94,9.0,2.0,10.0,1.0,46.0,0.0,20.0,4.0,444.0,0,3.0,2.0,22.0,25.0,6.0,10.0,4.0,6.0,2
14147369,36019,FK Mornar Bar,home,3.0,34.0,354.0,1.0,11.0,53.0,2.0,4.0,3.0,14.0,40.0,0.5,7.0,3.0,4.0,0.0,49.0,0.0,12.0,2.0,449.0,0,2.0,3.0,27.0,20.0,3.0,7.0,4.0,6.0,0
14147369,7581,FK Bokelj Kotor,away,5.0,28.0,324.0,1.0,13.0,47.0,1.0,3.0,8.0,7.0,25.0,0.2,14.0,1.0,11.0,3.0,29.0,0.0,19.0,1.0,409.0,0,1.0,0.0,24.0,17.0,1.0,2.0,1.0,6.0,1
14147370,327162,Mladost DG,home,2.0,28.0,187.0,3.0,7.0,39.0,3.0,4.0,6.0,11.0,33.0,1.83,19.0,3.0,13.0,5.0,45.0,1.0,13.0,1.0,265.0,0,2.0,5.0,24.0,21.0,7.0,11.0,4.0,2.0,4
14147370,6216,OFK Petrovac,away,13.0,34.0,333.0,1.0,21.0,61.0,3.0,1.0,11.0,13.0,35.0,2.05,17.0,7.0,5.0,4.0,41.0,1.0,17.0,6.0,419.0,0,7.0,3.0,36.0,12.0,12.0,14.0,2.0,4.0,4
14147371,7581,FK Bokelj Kotor,home,3.0,25.0,154.0,1.0,26.0,44.0,1.0,4.0,4.0,11.0,35.0,0.3,21.0,6.0,3.0,2.0,43.0,0.0,17.0,0.0,244.0,0,3.0,3.0,28.0,27.0,3.0,7.0,4.0,12.0,2
14147371,37956,FK Arsenal Tivat,away,1.0,20.0,236.0,2.0,24.0,56.0,4.0,5.0,7.0,20.0,40.0,0.34,18.0,6.0,3.0,2.0,55.0,0.0,15.0,3.0,350.0,0,2.0,1.0,41.0,12.0,2.0,8.0,6.0,5.0,1
14147372,24312,FK Jezero,home,1.0,17.0,189.0,0.0,14.0,47.0,1.0,2.0,12.0,6.0,32.0,1.91,17.0,1.0,14.0,1.0,38.0,1.0,20.0,3.0,295.0,0,5.0,2.0,39.0,11.0,6.0,9.0,3.0,6.0,1
14147372,327162,Mladost DG,away,9.0,35.0,263.0,0.0,17.0,53.0,0.0,4.0,11.0,7.0,40.0,1.02,14.0,1.0,10.0,1.0,48.0,0.0,13.0,2.0,357.0,0,7.0,2.0,29.0,18.0,7.0,9.0,2.0,3.0,1
14147373,6216,OFK Petrovac,home,5.0,28.0,192.0,0.0,11.0,42.0,2.0,1.0,3.0,14.0,38.0,1.1,11.0,1.0,6.0,3.0,54.0,2.0,11.0,3.0,264.0,0,4.0,5.0,25.0,17.0,6.0,13.0,7.0,5.0,1
14147373,6219,FK Jedinstvo Bijelo Polje,away,6.0,16.0,343.0,0.0,17.0,58.0,4.0,3.0,3.0,14.0,33.0,0.58,23.0,2.0,6.0,1.0,36.0,0.0,13.0,1.0,418.0,0,3.0,3.0,29.0,11.0,3.0,10.0,7.0,6.0,2
14147374,6224,FK Sutjeska Nikšić,home,8.0,20.0,503.0,5.0,7.0,56.0,2.0,2.0,9.0,13.0,27.0,2.46,26.0,0.0,1.0,1.0,34.0,1.0,11.0,2.0,568.0,0,4.0,7.0,20.0,11.0,8.0,14.0,6.0,3.0,1
14147374,7581,FK Bokelj Kotor,away,3.0,23.0,308.0,1.0,6.0,44.0,1.0,4.0,7.0,11.0,38.0,0.46,10.0,4.0,6.0,2.0,47.0,0.0,14.0,1.0,366.0,1,0.0,3.0,13.0,18.0,2.0,4.0,2.0,6.0,1
14147375,6224,FK Sutjeska Nikšić,home,10.0,30.0,325.0,3.0,16.0,58.0,9.0,8.0,5.0,26.0,41.0,5.63,13.0,2.0,5.0,1.0,57.0,1.0,16.0,2.0,429.0,0,10.0,9.0,23.0,13.0,24.0,29.0,5.0,7.0,4
14147375,6226,FK Dečić Tuzi,away,2.0,21.0,214.0,1.0,17.0,42.0,2.0,3.0,10.0,10.0,29.0,1.08,4.0,3.0,17.0,6.0,35.0,0.0,22.0,0.0,308.0,0,4.0,2.0,17.0,39.0,7.0,8.0,1.0,5.0,1
14147376,5143,FK Budućnost Podgorica,home,5.0,24.0,431.0,2.0,10.0,54.0,1.0,5.0,12.0,12.0,30.0,3.22,15.0,1.0,9.0,2.0,42.0,0.0,18.0,3.0,510.0,0,7.0,8.0,19.0,14.0,12.0,16.0,4.0,8.0,1
14147376,36019,FK Mornar Bar,away,3.0,22.0,333.0,1.0,7.0,46.0,2.0,4.0,9.0,15.0,45.0,0.56,8.0,2.0,11.0,6.0,62.0,0.0,15.0,1.0,402.0,1,7.0,2.0,12.0,12.0,5.0,11.0,6.0,8.0,0
14147377,327162,Mladost DG,home,4.0,30.0,328.0,4.0,24.0,60.0,2.0,5.0,5.0,16.0,40.0,0.96,10.0,2.0,5.0,3.0,43.0,0.0,20.0,3.0,444.0,0,8.0,2.0,24.0,19.0,2.0,12.0,10.0,2.0,2
14147377,6224,FK Sutjeska Nikšić,away,7.0,34.0,168.0,1.0,22.0,40.0,1.0,3.0,5.0,10.0,35.0,2.42,16.0,4.0,13.0,0.0,40.0,0.0,23.0,2.0,280.0,0,2.0,6.0,34.0,19.0,7.0,9.0,2.0,4.0,3
14147378,6219,FK Jedinstvo Bijelo Polje,home,0.0,35.0,290.0,3.0,17.0,47.0,2.0,3.0,8.0,20.0,37.0,0.64,15.0,2.0,9.0,7.0,60.0,0.0,15.0,2.0,391.0,0,5.0,2.0,27.0,13.0,2.0,9.0,7.0,7.0,0
14147378,24312,FK Jezero,away,3.0,32.0,358.0,2.0,15.0,53.0,4.0,5.0,9.0,16.0,34.0,1.79,11.0,2.0,8.0,2.0,53.0,0.0,28.0,2.0,449.0,0,5.0,6.0,24.0,28.0,8.0,15.0,7.0,3.0,0
14147379,36019,FK Mornar Bar,home,5.0,32.0,356.0,1.0,13.0,54.0,4.0,4.0,8.0,17.0,39.0,2.42,22.0,1.0,7.0,2.0,48.0,2.0,17.0,1.0,431.0,0,5.0,5.0,25.0,16.0,11.0,16.0,5.0,4.0,2
14147379,6216,OFK Petrovac,away,0.0,28.0,282.0,0.0,12.0,46.0,2.0,0.0,5.0,15.0,35.0,0.56,12.0,3.0,11.0,3.0,43.0,1.0,20.0,0.0,356.0,0,6.0,3.0,21.0,9.0,3.0,12.0,9.0,3.0,3
14147380,6226,FK Dečić Tuzi,home,3.0,38.0,305.0,2.0,25.0,51.0,0.0,2.0,1.0,9.0,37.0,0.86,18.0,2.0,4.0,2.0,46.0,0.0,14.0,0.0,393.0,0,2.0,4.0,26.0,16.0,6.0,6.0,0.0,9.0,2
14147380,37956,FK Arsenal Tivat,away,5.0,30.0,339.0,1.0,20.0,49.0,3.0,3.0,4.0,18.0,30.0,1.21,18.0,5.0,5.0,0.0,45.0,0.0,13.0,1.0,425.0,0,3.0,4.0,30.0,10.0,4.0,10.0,6.0,5.0,0
14147381,5143,FK Budućnost Podgorica,home,9.0,25.0,442.0,2.0,21.0,68.0,5.0,5.0,3.0,14.0,42.0,0.84,13.0,4.0,2.0,3.0,40.0,0.0,13.0,5.0,524.0,0,5.0,1.0,19.0,6.0,7.0,11.0,4.0,3.0,0
14147381,7581,FK Bokelj Kotor,away,6.0,21.0,167.0,0.0,14.0,32.0,1.0,5.0,10.0,7.0,35.0,0.92,16.0,3.0,14.0,1.0,41.0,0.0,17.0,1.0,241.0,0,1.0,4.0,15.0,28.0,4.0,6.0,2.0,4.0,2
14147382,37956,FK Arsenal Tivat,home,4.0,26.0,145.0,0.0,30.0,44.0,4.0,4.0,4.0,12.0,34.0,0.39,22.0,2.0,13.0,2.0,38.0,0.0,22.0,2.0,243.0,0,2.0,4.0,27.0,14.0,3.0,10.0,7.0,0.0,3
14147382,327162,Mladost DG,away,4.0,30.0,214.0,0.0,26.0,56.0,1.0,7.0,6.0,14.0,39.0,0.5,14.0,7.0,7.0,4.0,44.0,0.0,15.0,4.0,323.0,0,5.0,2.0,37.0,21.0,4.0,8.0,4.0,2.0,2
14147383,7581,FK Bokelj Kotor,home,5.0,28.0,223.0,3.0,20.0,39.0,2.0,2.0,2.0,8.0,38.0,1.69,15.0,4.0,6.0,1.0,40.0,1.0,20.0,2.0,298.0,0,4.0,3.0,23.0,17.0,3.0,10.0,7.0,5.0,0
14147383,6226,FK Dečić Tuzi,away,4.0,31.0,392.0,1.0,20.0,61.0,0.0,2.0,6.0,12.0,37.0,0.85,17.0,3.0,11.0,2.0,40.0,0.0,13.0,4.0,476.0,0,5.0,2.0,26.0,19.0,4.0,7.0,3.0,5.0,4
14147384,6224,FK Sutjeska Nikšić,home,3.0,18.0,330.0,1.0,21.0,52.0,3.0,8.0,6.0,14.0,43.0,1.05,10.0,4.0,4.0,0.0,48.0,0.0,12.0,3.0,426.0,0,5.0,4.0,23.0,10.0,9.0,12.0,3.0,4.0,0
14147384,6219,FK Jedinstvo Bijelo Polje,away,5.0,21.0,330.0,3.0,12.0,48.0,1.0,1.0,8.0,7.0,27.0,0.38,19.0,1.0,6.0,2.0,32.0,0.0,11.0,1.0,430.0,0,2.0,0.0,26.0,12.0,1.0,3.0,2.0,0.0,5
14147385,24312,FK Jezero,home,4.0,19.0,239.0,0.0,16.0,51.0,2.0,3.0,9.0,11.0,32.0,2.17,19.0,2.0,9.0,3.0,46.0,0.0,16.0,0.0,350.0,0,3.0,7.0,20.0,19.0,9.0,12.0,3.0,3.0,2
14147385,36019,FK Mornar Bar,away,6.0,21.0,201.0,0.0,16.0,49.0,2.0,3.0,11.0,11.0,44.0,0.82,14.0,5.0,5.0,5.0,67.0,1.0,12.0,0.0,311.0,0,4.0,2.0,27.0,9.0,5.0,9.0,4.0,2.0,2
14147386,6216,OFK Petrovac,home,3.0,26.0,235.0,2.0,16.0,49.0,2.0,6.0,5.0,16.0,37.0,0.74,15.0,3.0,8.0,4.0,45.0,0.0,23.0,2.0,315.0,0,8.0,4.0,18.0,19.0,6.0,14.0,8.0,4.0,4
14147386,5143,FK Budućnost Podgorica,away,5.0,34.0,249.0,3.0,21.0,51.0,4.0,2.0,12.0,12.0,39.0,1.0,21.0,5.0,15.0,2.0,45.0,0.0,18.0,1.0,333.0,0,3.0,5.0,27.0,15.0,7.0,12.0,5.0,3.0,3
14147387,6216,OFK Petrovac,home,10.0,31.0,354.0,2.0,25.0,64.0,5.0,10.0,5.0,13.0,40.0,0.66,12.0,3.0,4.0,2.0,40.0,0.0,7.0,1.0,448.0,0,6.0,2.0,30.0,12.0,8.0,13.0,5.0,2.0,1
14147387,7581,FK Bokelj Kotor,away,1.0,21.0,153.0,0.0,23.0,36.0,0.0,1.0,8.0,5.0,30.0,0.13,13.0,2.0,15.0,2.0,25.0,0.0,8.0,0.0,246.0,0,1.0,2.0,33.0,20.0,2.0,3.0,1.0,6.0,1
14147388,24312,FK Jezero,home,4.0,24.0,311.0,0.0,10.0,55.0,3.0,4.0,10.0,8.0,37.0,1.14,9.0,2.0,5.0,2.0,47.0,0.0,12.0,2.0,402.0,0,5.0,5.0,32.0,12.0,5.0,13.0,8.0,1.0,1
14147388,5143,FK Budućnost Podgorica,away,1.0,18.0,214.0,2.0,20.0,45.0,1.0,4.0,6.0,8.0,39.0,0.27,16.0,2.0,10.0,4.0,41.0,0.0,15.0,2.0,313.0,0,3.0,2.0,29.0,17.0,3.0,6.0,3.0,5.0,5
14147389,6224,FK Sutjeska Nikšić,home,5.0,25.0,327.0,1.0,12.0,50.0,3.0,5.0,8.0,16.0,37.0,0.86,13.0,3.0,11.0,2.0,56.0,1.0,26.0,1.0,447.0,0,4.0,0.0,21.0,14.0,4.0,8.0,4.0,1.0,1
14147389,36019,FK Mornar Bar,away,6.0,28.0,342.0,0.0,21.0,50.0,2.0,5.0,6.0,21.0,39.0,1.38,16.0,1.0,8.0,0.0,48.0,1.0,26.0,0.0,456.0,0,8.0,3.0,9.0,17.0,6.0,14.0,8.0,8.0,3
14147390,37956,FK Arsenal Tivat,home,6.0,27.0,169.0,0.0,33.0,46.0,3.0,5.0,14.0,8.0,38.0,1.17,20.0,0.0,6.0,3.0,44.0,0.0,24.0,6.0,285.0,0,2.0,2.0,26.0,12.0,5.0,7.0,2.0,4.0,1
14147390,6219,FK Jedinstvo Bijelo Polje,away,2.0,30.0,190.0,0.0,35.0,54.0,2.0,3.0,6.0,17.0,43.0,0.18,20.0,3.0,7.0,2.0,52.0,0.0,16.0,3.0,292.0,0,2.0,3.0,38.0,17.0,0.0,7.0,7.0,1.0,2
14147391,6226,FK Dečić Tuzi,home,5.0,34.0,375.0,5.0,11.0,58.0,1.0,2.0,12.0,12.0,41.0,2.37,13.0,7.0,7.0,1.0,44.0,0.0,26.0,1.0,471.0,0,3.0,6.0,25.0,7.0,7.0,10.0,3.0,1.0,2
14147391,327162,Mladost DG,away,3.0,28.0,221.0,2.0,17.0,42.0,1.0,3.0,11.0,9.0,37.0,1.59,16.0,1.0,8.0,3.0,45.0,0.0,24.0,2.0,313.0,0,5.0,4.0,22.0,13.0,8.0,10.0,2.0,4.0,7
14147408,6216,OFK Petrovac,home,0.0,29.0,346.0,2.0,7.0,47.0,1.0,1.0,7.0,9.0,33.0,0.59,13.0,0.0,10.0,4.0,35.0,0.0,9.0,1.0,440.0,0,1.0,3.0,27.0,23.0,2.0,5.0,3.0,7.0,1
14147408,7581,FK Bokelj Kotor,away,4.0,21.0,369.0,1.0,10.0,53.0,3.0,5.0,3.0,20.0,40.0,1.3,15.0,1.0,3.0,1.0,46.0,1.0,17.0,2.0,471.0,0,4.0,4.0,33.0,15.0,8.0,12.0,4.0,3.0,3
14147447,327162,Mladost DG,home,5.0,39.0,419.0,2.0,13.0,59.0,2.0,7.0,10.0,24.0,42.0,2.83,10.0,0.0,2.0,3.0,60.0,0.0,28.0,3.0,508.0,0,1.0,10.0,21.0,11.0,9.0,13.0,4.0,1.0,2
14147447,6219,FK Jedinstvo Bijelo Polje,away,2.0,20.0,258.0,0.0,10.0,41.0,6.0,1.0,7.0,12.0,36.0,1.68,16.0,4.0,6.0,5.0,49.0,1.0,10.0,2.0,329.0,0,1.0,5.0,19.0,13.0,5.0,13.0,8.0,2.0,1
14833029,37956,FK Arsenal Tivat,home,3.0,22.0,268.0,0.0,32.0,55.0,2.0,3.0,9.0,20.0,38.0,0.24,14.0,2.0,7.0,1.0,45.0,0.0,6.0,3.0,364.0,0,1.0,0.0,32.0,25.0,2.0,3.0,1.0,6.0,2
14833029,36019,FK Mornar Bar,away,4.0,29.0,219.0,1.0,19.0,45.0,3.0,7.0,11.0,14.0,33.0,0.69,10.0,1.0,10.0,0.0,47.0,0.0,16.0,3.0,305.0,0,5.0,2.0,37.0,21.0,4.0,10.0,6.0,1.0,4
15188250,6226,FK Dečić Tuzi,home,6.0,40.0,341.0,1.0,17.0,53.0,2.0,6.0,12.0,21.0,31.0,1.37,10.0,0.0,7.0,4.0,39.0,0.0,23.0,1.0,430.0,0,4.0,4.0,24.0,19.0,5.0,10.0,5.0,2.0,0
15188250,5143,FK Budućnost Podgorica,away,2.0,27.0,273.0,2.0,21.0,47.0,3.0,2.0,2.0,16.0,37.0,0.84,9.0,2.0,9.0,3.0,49.0,0.0,12.0,1.0,373.0,0,4.0,3.0,29.0,18.0,3.0,10.0,7.0,7.0,1
15280971,6219,FK Jedinstvo Bijelo Polje,home,6.0,36.0,408.0,4.0,10.0,63.0,2.0,4.0,2.0,16.0,35.0,0.77,15.0,7.0,7.0,0.0,46.0,0.0,20.0,1.0,507.0,0,5.0,3.0,28.0,7.0,4.0,10.0,6.0,11.0,2
15280971,6226,FK Dečić Tuzi,away,1.0,27.0,194.0,1.0,30.0,37.0,1.0,1.0,6.0,9.0,43.0,0.72,18.0,2.0,8.0,2.0,40.0,0.0,24.0,3.0,276.0,0,4.0,2.0,18.0,31.0,5.0,7.0,2.0,2.0,3
15280973,36019,FK Mornar Bar,home,5.0,34.0,481.0,0.0,20.0,71.0,3.0,2.0,6.0,12.0,36.0,0.19,7.0,5.0,5.0,1.0,45.0,0.0,17.0,3.0,576.0,0,4.0,1.0,39.0,18.0,3.0,8.0,5.0,1.0,1
15280973,37956,FK Arsenal Tivat,away,2.0,24.0,135.0,0.0,21.0,29.0,0.0,4.0,3.0,8.0,31.0,0.44,19.0,1.0,12.0,0.0,34.0,0.0,27.0,2.0,228.0,0,1.0,2.0,21.0,18.0,3.0,3.0,0.0,6.0,3
15280974,6216,OFK Petrovac,home,9.0,33.0,437.0,2.0,23.0,57.0,6.0,6.0,12.0,12.0,40.0,2.88,18.0,4.0,3.0,1.0,42.0,0.0,12.0,0.0,520.0,0,3.0,8.0,27.0,15.0,12.0,17.0,5.0,4.0,0
15280974,24312,FK Jezero,away,5.0,16.0,255.0,0.0,14.0,43.0,0.0,4.0,2.0,11.0,39.0,0.92,16.0,1.0,15.0,6.0,47.0,0.0,13.0,0.0,345.0,0,3.0,2.0,21.0,33.0,3.0,5.0,2.0,4.0,2
15280975,5143,FK Budućnost Podgorica,home,2.0,24.0,211.0,4.0,25.0,41.0,1.0,8.0,5.0,17.0,38.0,1.39,10.0,3.0,6.0,3.0,37.0,0.0,29.0,3.0,293.0,0,7.0,7.0,27.0,15.0,9.0,15.0,6.0,3.0,1
15280975,6224,FK Sutjeska Nikšić,away,4.0,23.0,335.0,1.0,10.0,59.0,1.0,0.0,6.0,6.0,29.0,1.65,13.0,2.0,11.0,5.0,39.0,0.0,15.0,1.0,434.0,0,3.0,4.0,26.0,19.0,5.0,8.0,3.0,6.0,1
15280976,6224,FK Sutjeska Nikšić,home,6.0,37.0,330.0,0.0,19.0,53.0,3.0,8.0,6.0,9.0,38.0,0.69,17.0,3.0,6.0,5.0,38.0,0.0,17.0,1.0,411.0,0,3.0,2.0,20.0,8.0,5.0,8.0,3.0,6.0,0
15280976,6216,OFK Petrovac,away,2.0,25.0,262.0,1.0,27.0,47.0,5.0,4.0,3.0,11.0,41.0,1.07,12.0,0.0,8.0,0.0,32.0,0.0,11.0,0.0,341.0,0,5.0,6.0,27.0,20.0,6.0,16.0,10.0,2.0,2
15280978,327162,Mladost DG,home,1.0,24.0,207.0,0.0,20.0,52.0,2.0,4.0,12.0,4.0,39.0,0.51,17.0,6.0,9.0,3.0,56.0,0.0,13.0,3.0,277.0,0,3.0,4.0,21.0,7.0,5.0,9.0,4.0,0.0,1
15280978,6219,FK Jedinstvo Bijelo Polje,away,2.0,33.0,205.0,0.0,10.0,48.0,1.0,5.0,6.0,7.0,30.0,0.63,26.0,2.0,7.0,3.0,49.0,0.0,12.0,2.0,280.0,0,0.0,2.0,31.0,12.0,2.0,3.0,1.0,5.0,2
15280979,37956,FK Arsenal Tivat,home,0.0,26.0,120.0,0.0,30.0,34.0,1.0,3.0,5.0,1.0,36.0,0.65,10.0,0.0,14.0,2.0,30.0,1.0,21.0,2.0,209.0,0,4.0,2.0,28.0,14.0,5.0,8.0,3.0,0.0,0
15280979,5143,FK Budućnost Podgorica,away,4.0,36.0,336.0,0.0,26.0,66.0,5.0,6.0,9.0,18.0,40.0,0.61,4.0,2.0,7.0,1.0,49.0,0.0,8.0,1.0,450.0,0,7.0,2.0,41.0,16.0,6.0,14.0,8.0,1.0,1
15280980,7581,FK Bokelj Kotor,home,1.0,26.0,262.0,1.0,14.0,52.0,0.0,5.0,6.0,3.0,26.0,0.84,16.0,4.0,9.0,4.0,39.0,0.0,19.0,0.0,362.0,0,2.0,3.0,33.0,19.0,3.0,5.0,2.0,6.0,5
15280980,327162,Mladost DG,away,1.0,23.0,303.0,0.0,23.0,48.0,1.0,3.0,7.0,31.0,49.0,0.59,15.0,1.0,4.0,3.0,73.0,1.0,19.0,3.0,393.0,0,2.0,4.0,33.0,31.0,4.0,8.0,4.0,4.0,3
15280981,24312,FK Jezero,home,3.0,18.0,290.0,0.0,36.0,52.0,3.0,2.0,3.0,7.0,44.0,2.36,10.0,3.0,6.0,3.0,45.0,0.0,26.0,2.0,395.0,0,6.0,6.0,33.0,19.0,8.0,15.0,7.0,3.0,1
15280981,7581,FK Bokelj Kotor,away,7.0,36.0,261.0,1.0,15.0,48.0,5.0,6.0,7.0,5.0,32.0,2.89,15.0,1.0,9.0,5.0,38.0,1.0,15.0,1.0,367.0,0,4.0,4.0,28.0,6.0,10.0,14.0,4.0,1.0,2
15280982,5143,FK Budućnost Podgorica,home,5.0,23.0,384.0,1.0,8.0,51.0,2.0,6.0,3.0,14.0,32.0,0.58,8.0,1.0,9.0,2.0,41.0,0.0,21.0,2.0,475.0,0,3.0,6.0,21.0,17.0,5.0,11.0,6.0,2.0,0
15280982,6226,FK Dečić Tuzi,away,10.0,30.0,382.0,2.0,15.0,49.0,3.0,4.0,7.0,17.0,36.0,0.89,11.0,1.0,6.0,6.0,40.0,0.0,19.0,3.0,471.0,0,4.0,2.0,23.0,22.0,6.0,9.0,3.0,3.0,0
15280983,6226,FK Dečić Tuzi,home,6.0,39.0,299.0,0.0,22.0,45.0,1.0,1.0,3.0,7.0,34.0,0.24,12.0,3.0,11.0,2.0,31.0,0.0,14.0,1.0,386.0,0,1.0,0.0,20.0,2.0,2.0,2.0,0.0,2.0,0
15280983,36019,FK Mornar Bar,away,4.0,21.0,303.0,0.0,13.0,55.0,1.0,1.0,7.0,6.0,35.0,0.77,20.0,3.0,4.0,0.0,46.0,0.0,21.0,6.0,392.0,0,4.0,2.0,24.0,15.0,6.0,7.0,1.0,1.0,2
15280984,24312,FK Jezero,home,5.0,32.0,253.0,0.0,22.0,49.0,3.0,3.0,5.0,13.0,42.0,0.33,11.0,0.0,6.0,5.0,43.0,0.0,17.0,0.0,340.0,0,3.0,1.0,22.0,36.0,3.0,7.0,4.0,4.0,0
15280984,6224,FK Sutjeska Nikšić,away,10.0,28.0,281.0,0.0,20.0,51.0,2.0,12.0,6.0,7.0,33.0,0.97,19.0,2.0,5.0,1.0,34.0,0.0,13.0,0.0,378.0,0,4.0,6.0,36.0,12.0,8.0,12.0,4.0,0.0,0
15280985,7581,FK Bokelj Kotor,home,5.0,28.0,305.0,0.0,14.0,51.0,2.0,3.0,8.0,18.0,39.0,1.79,15.0,3.0,4.0,7.0,45.0,0.0,11.0,2.0,404.0,0,3.0,3.0,24.0,8.0,5.0,8.0,3.0,1.0,2
15280985,6219,FK Jedinstvo Bijelo Polje,away,3.0,36.0,258.0,0.0,21.0,49.0,3.0,5.0,6.0,12.0,41.0,2.8,17.0,4.0,3.0,2.0,58.0,1.0,31.0,1.0,332.0,0,2.0,9.0,29.0,14.0,9.0,15.0,6.0,11.0,5
15280986,6224,FK Sutjeska Nikšić,home,5.0,23.0,366.0,2.0,19.0,60.0,2.0,5.0,8.0,10.0,35.0,2.05,16.0,3.0,8.0,0.0,36.0,1.0,12.0,1.0,466.0,0,6.0,3.0,33.0,11.0,9.0,12.0,3.0,10.0,0
15280986,7581,FK Bokelj Kotor,away,2.0,28.0,223.0,1.0,15.0,40.0,0.0,0.0,1.0,11.0,31.0,0.16,14.0,5.0,9.0,1.0,33.0,0.0,15.0,0.0,305.0,0,4.0,1.0,26.0,27.0,3.0,5.0,2.0,2.0,2
15280987,36019,FK Mornar Bar,home,8.0,25.0,263.0,1.0,31.0,49.0,1.0,4.0,12.0,12.0,45.0,1.74,16.0,2.0,7.0,3.0,54.0,0.0,16.0,7.0,371.0,0,4.0,4.0,24.0,16.0,7.0,9.0,2.0,2.0,1
15280987,327162,Mladost DG,away,2.0,30.0,292.0,1.0,11.0,51.0,2.0,1.0,9.0,6.0,30.0,0.33,18.0,2.0,7.0,2.0,47.0,0.0,14.0,0.0,383.0,0,4.0,3.0,24.0,8.0,1.0,9.0,8.0,3.0,1
15280988,6224,FK Sutjeska Nikšić,home,3.0,36.0,421.0,6.0,26.0,63.0,3.0,5.0,2.0,22.0,40.0,2.71,17.0,3.0,7.0,2.0,46.0,0.0,22.0,2.0,507.0,0,3.0,7.0,24.0,14.0,11.0,13.0,2.0,3.0,2
15280988,37956,FK Arsenal Tivat,away,7.0,20.0,201.0,0.0,29.0,37.0,3.0,4.0,5.0,10.0,36.0,0.86,12.0,3.0,7.0,3.0,37.0,0.0,19.0,1.0,283.0,0,5.0,3.0,11.0,12.0,6.0,11.0,5.0,4.0,1
15280989,6216,OFK Petrovac,home,5.0,33.0,360.0,0.0,32.0,64.0,0.0,1.0,15.0,7.0,37.0,0.79,14.0,2.0,13.0,3.0,40.0,0.0,29.0,3.0,440.0,0,1.0,2.0,39.0,24.0,1.0,3.0,2.0,4.0,2
15280989,37956,FK Arsenal Tivat,away,7.0,26.0,172.0,0.0,31.0,36.0,3.0,4.0,6.0,5.0,44.0,1.03,21.0,0.0,9.0,1.0,38.0,0.0,16.0,1.0,263.0,0,6.0,2.0,28.0,11.0,5.0,11.0,6.0,5.0,3
15280990,24312,FK Jezero,home,4.0,29.0,413.0,1.0,15.0,63.0,7.0,4.0,5.0,22.0,41.0,1.83,12.0,2.0,5.0,6.0,58.0,0.0,17.0,2.0,509.0,0,0.0,5.0,28.0,9.0,9.0,12.0,3.0,3.0,1
15280990,6226,FK Dečić Tuzi,away,6.0,28.0,189.0,0.0,27.0,37.0,2.0,5.0,3.0,11.0,38.0,1.09,15.0,1.0,3.0,5.0,36.0,0.0,13.0,1.0,285.0,0,5.0,7.0,23.0,4.0,7.0,14.0,7.0,1.0,2
15280991,37956,FK Arsenal Tivat,home,8.0,40.0,211.0,0.0,28.0,53.0,7.0,12.0,11.0,8.0,36.0,2.73,17.0,7.0,4.0,0.0,34.0,1.0,12.0,3.0,314.0,0,5.0,6.0,42.0,8.0,15.0,19.0,4.0,0.0,2
15280991,24312,FK Jezero,away,3.0,24.0,219.0,0.0,35.0,47.0,0.0,3.0,7.0,1.0,35.0,0.92,12.0,1.0,10.0,6.0,28.0,0.0,18.0,1.0,325.0,0,3.0,2.0,20.0,28.0,4.0,5.0,1.0,2.0,2
15280992,5143,FK Budućnost Podgorica,home,3.0,29.0,419.0,0.0,24.0,53.0,0.0,5.0,8.0,11.0,42.0,0.97,10.0,1.0,7.0,6.0,47.0,0.0,15.0,2.0,500.0,0,2.0,6.0,24.0,24.0,7.0,8.0,1.0,4.0,0
15280992,6219,FK Jedinstvo Bijelo Polje,away,5.0,19.0,317.0,1.0,7.0,47.0,2.0,4.0,16.0,15.0,34.0,1.23,10.0,1.0,4.0,3.0,42.0,0.0,16.0,3.0,412.0,0,2.0,7.0,30.0,8.0,6.0,11.0,5.0,4.0,1
15280993,6219,FK Jedinstvo Bijelo Polje,home,4.0,34.0,186.0,1.0,19.0,43.0,2.0,2.0,9.0,9.0,32.0,0.3,21.0,7.0,10.0,2.0,30.0,0.0,15.0,2.0,290.0,0,3.0,2.0,24.0,6.0,3.0,7.0,4.0,5.0,0
15280993,36019,FK Mornar Bar,away,3.0,29.0,242.0,0.0,15.0,57.0,2.0,4.0,9.0,10.0,35.0,0.15,21.0,1.0,6.0,1.0,42.0,0.0,8.0,1.0,351.0,0,1.0,2.0,33.0,12.0,2.0,5.0,3.0,3.0,2
15280994,6226,FK Dečić Tuzi,home,8.0,38.0,303.0,1.0,17.0,52.0,3.0,5.0,7.0,15.0,36.0,0.42,14.0,0.0,5.0,0.0,43.0,0.0,18.0,2.0,393.0,0,5.0,2.0,29.0,18.0,4.0,10.0,6.0,2.0,2
15280994,6216,OFK Petrovac,away,5.0,37.0,306.0,2.0,20.0,48.0,3.0,2.0,8.0,7.0,37.0,0.3,13.0,1.0,9.0,2.0,35.0,0.0,14.0,1.0,394.0,0,2.0,1.0,26.0,27.0,1.0,6.0,5.0,0.0,3
15280995,7581,FK Bokelj Kotor,home,4.0,38.0,267.0,0.0,22.0,55.0,2.0,4.0,4.0,17.0,43.0,0.9,15.0,6.0,4.0,5.0,52.0,1.0,20.0,0.0,382.0,0,3.0,2.0,32.0,30.0,5.0,8.0,3.0,1.0,2
15280995,36019,FK Mornar Bar,away,6.0,24.0,254.0,1.0,25.0,45.0,0.0,7.0,7.0,18.0,34.0,2.34,20.0,1.0,11.0,1.0,46.0,1.0,25.0,1.0,358.0,0,2.0,7.0,31.0,21.0,9.0,10.0,1.0,8.0,1
15280996,327162,Mladost DG,home,2.0,19.0,280.0,2.0,20.0,52.0,6.0,6.0,8.0,29.0,39.0,1.2,10.0,3.0,9.0,2.0,50.0,1.0,11.0,0.0,343.0,0,5.0,3.0,26.0,15.0,11.0,15.0,4.0,5.0,2
15280996,5143,FK Budućnost Podgorica,away,5.0,26.0,215.0,1.0,14.0,48.0,5.0,5.0,7.0,18.0,38.0,2.97,15.0,4.0,12.0,2.0,48.0,0.0,11.0,2.0,282.0,0,6.0,6.0,28.0,21.0,11.0,17.0,6.0,2.0,2
15280997,6226,FK Dečić Tuzi,home,,,,,,,,,,,,,,,,,,,,,,0,,,,,,,,,0
15280997,6224,FK Sutjeska Nikšić,away,,,,,,,,,,,,,,,,,,,,,,0,,,,,,,,,0
15280998,6216,OFK Petrovac,home,4.0,28.0,260.0,0.0,22.0,50.0,3.0,3.0,5.0,18.0,42.0,0.97,14.0,2.0,3.0,1.0,52.0,0.0,11.0,3.0,337.0,0,1.0,5.0,28.0,19.0,3.0,9.0,6.0,7.0,4
15280998,327162,Mladost DG,away,2.0,26.0,257.0,2.0,13.0,50.0,1.0,3.0,8.0,18.0,31.0,1.14,22.0,6.0,7.0,2.0,41.0,0.0,8.0,2.0,328.0,0,3.0,2.0,26.0,14.0,3.0,6.0,3.0,7.0,3
15280999,327162,Mladost DG,home,,,,,,,,,,,,,,,,,,,,,,0,,,,,,,,,5
15280999,24312,FK Jezero,away,,,,,,,,,,,,,,,,,,,,,,1,,,,,,,,,3
15281000,37956,FK Arsenal Tivat,home,,,,,,,,,,,,,,,,,,,,,,0,,,,,,,,,3
15281000,7581,FK Bokelj Kotor,away,,,,,,,,,,,,,,,,,,,,,,0,,,,,,,,,1
15281001,36019,FK Mornar Bar,home,,,,,,,,,,,,,,,,,,,,,,0,,,,,,,,,1
15281001,5143,FK Budućnost Podgorica,away,,,,,,,,,,,,,,,,,,,,,,0,,,,,,,,,1
15281002,6219,FK Jedinstvo Bijelo Polje,home,,,,,,,,,,,,,,,,,,,,,,0,,,,,,,,,4
15281002,6216,OFK Petrovac,away,,,,,,,,,,,,,,,,,,,,,,0,,,,,,,,,1
15281003,6224,FK Sutjeska Nikšić,home,6.0,23.0,291.0,1.0,19.0,45.0,0.0,1.0,7.0,8.0,30.0,0.66,16.0,1.0,9.0,1.0,37.0,0.0,12.0,1.0,376.0,0,4.0,2.0,29.0,28.0,4.0,6.0,2.0,7.0,2
15281003,327162,Mladost DG,away,3.0,24.0,307.0,0.0,24.0,55.0,0.0,3.0,5.0,12.0,40.0,0.25,12.0,2.0,10.0,1.0,37.0,0.0,15.0,1.0,398.0,0,2.0,1.0,32.0,16.0,2.0,3.0,1.0,2.0,1
15281004,37956,FK Arsenal Tivat,home,16.0,48.0,285.0,1.0,49.0,58.0,5.0,3.0,9.0,14.0,49.0,1.47,10.0,2.0,4.0,1.0,53.0,1.0,13.0,1.0,379.0,0,6.0,4.0,44.0,6.0,7.0,16.0,9.0,0.0,1
15281004,6226,FK Dečić Tuzi,away,3.0,20.0,137.0,0.0,24.0,42.0,0.0,2.0,6.0,7.0,30.0,0.66,17.0,0.0,16.0,5.0,33.0,0.0,13.0,4.0,247.0,0,4.0,2.0,31.0,32.0,3.0,6.0,3.0,2.0,0
15281005,7581,FK Bokelj Kotor,home,7.0,31.0,203.0,0.0,25.0,40.0,1.0,0.0,5.0,10.0,34.0,0.98,16.0,6.0,8.0,3.0,37.0,0.0,18.0,0.0,268.0,0,4.0,6.0,23.0,28.0,7.0,11.0,4.0,3.0,1
15281005,5143,FK Budućnost Podgorica,away,3.0,25.0,331.0,2.0,33.0,60.0,1.0,4.0,4.0,8.0,42.0,0.67,18.0,4.0,7.0,4.0,51.0,0.0,17.0,3.0,445.0,0,3.0,3.0,35.0,5.0,4.0,7.0,3.0,4.0,1
15281006,6216,OFK Petrovac,home,2.0,29.0,298.0,2.0,18.0,55.0,3.0,9.0,15.0,12.0,39.0,1.52,12.0,5.0,7.0,0.0,52.0,0.0,9.0,2.0,403.0,0,4.0,4.0,31.0,15.0,7.0,11.0,4.0,0.0,0
15281006,36019,FK Mornar Bar,away,4.0,19.0,226.0,2.0,23.0,45.0,3.0,2.0,13.0,16.0,41.0,0.74,14.0,2.0,10.0,4.0,54.0,0.0,22.0,0.0,303.0,0,4.0,2.0,24.0,36.0,4.0,9.0,5.0,3.0,1
15281007,24312,FK Jezero,home,1.0,30.0,287.0,0.0,22.0,52.0,1.0,0.0,8.0,7.0,36.0,0.08,13.0,5.0,5.0,4.0,51.0,0.0,26.0,2.0,385.0,0,4.0,0.0,30.0,46.0,0.0,5.0,5.0,3.0,2
15281007,6219,FK Jedinstvo Bijelo Polje,away,2.0,32.0,197.0,0.0,15.0,48.0,2.0,9.0,8.0,20.0,35.0,1.66,18.0,6.0,8.0,0.0,46.0,2.0,18.0,1.0,300.0,0,4.0,5.0,39.0,12.0,7.0,13.0,6.0,3.0,3
