player_id,name,shortName,position,team_name,country_name,dateOfBirth,team_id,appearances,minutes_played,goals,assists,xG,xA,total_shots,shots_on_target,key_passes,big_chances_created,total_passes,accurate_passes,total_long_balls,accurate_long_balls,total_crosses,accurate_crosses,total_tackles,tackles_won,interceptions,clearances,ball_recoveries,blocks,duels_won,duels_lost,aerial_won,aerial_lost,fouls_committed,fouls_won,dribbles_successful,dribbles_total,avg_rating,minutes_per_game,pass_accuracy,shot_accuracy,dribble_success_rate,duel_success_rate,goals_per_90,assists_per_90,has_player_photo
1182552,Nemanja Jovičić,N. Jovičić,D,FK Jezero,Serbia,2000-01-01,24312,19,1710.0,0.0,0.0,0.22,0.0,4.0,0.0,2.0,0.0,1053.0,903.0,161.0,77.0,1.0,0.0,8.0,4.0,52.0,79.0,262.0,11.0,83.0,127.0,44.0,32.0,27.0,8.0,5.0,6.0,6.96,90.0,85.8,0.0,83.3,39.5,0.0,0.0,True
958574,Jonathan Dresaj,J. Dresaj,D,FK Dečić Tuzi,Montenegro,2000-03-15,6226,19,1708.0,0.0,3.0,0.38,2.0300000000000002,8.0,2.0,17.0,2.0,644.0,497.0,81.0,42.0,63.0,26.0,2.0,0.0,28.0,35.0,152.0,3.0,78.0,195.0,14.0,30.0,11.0,11.0,32.0,45.0,6.59,89.9,77.2,25.0,71.1,28.6,0.0,0.16,True
1005627,Aleksa Ćetković,A. Ćetković,M,FK Arsenal Tivat,Montenegro,2004-02-13,37956,19,1708.0,2.0,1.0,1.25,0.21000000000000002,12.0,3.0,7.0,0.0,656.0,484.0,89.0,47.0,13.0,4.0,1.0,0.0,35.0,30.0,207.0,0.0,148.0,243.0,55.0,54.0,32.0,31.0,14.0,18.0,6.84,89.9,73.8,25.0,77.8,37.9,0.11,0.05,True
128765,Milivoje Raičević,M. Raičević,M,FK Jezero,Montenegro,1993-07-21,24312,19,1659.0,4.0,2.0,3.8000000000000003,1.8800000000000001,35.0,14.0,23.0,1.0,648.0,504.0,22.0,7.0,8.0,0.0,9.0,7.0,20.0,14.0,105.0,1.0,123.0,237.0,37.0,52.0,25.0,25.0,24.0,55.0,7.02,87.3,77.8,40.0,43.6,34.2,0.22,0.11,True
94261,Andrija Kaluđerović,A. Kaluđeriović,M,FK Mornar Bar,Montenegro,1993-10-29,36019,18,1620.0,0.0,0.0,0.19,0.09000000000000001,9.0,2.0,6.0,0.0,886.0,763.0,87.0,61.0,9.0,3.0,50.0,32.0,30.0,17.0,245.0,3.0,143.0,187.0,18.0,20.0,32.0,27.0,13.0,18.0,7.12,90.0,86.1,22.2,72.2,43.3,0.0,0.0,True
57363,Vladan Giljen,V. Giljen,G,FK Sutjeska Nikšić,Montenegro,1989-12-07,6224,18,1620.0,0.0,0.0,0.0,0.0,0.0,0.0,1.0,0.0,402.0,316.0,178.0,99.0,0.0,0.0,0.0,0.0,18.0,8.0,78.0,0.0,5.0,0.0,3.0,0.0,0.0,2.0,0.0,0.0,7.1,90.0,78.6,,,100.0,0.0,0.0,True
800147,Bojan Zogović,B. Zogovic,G,FK Arsenal Tivat,Montenegro,1989-02-16,37956,18,1620.0,0.0,0.0,0.0,0.0,0.0,0.0,0.0,0.0,291.0,215.0,159.0,85.0,0.0,0.0,0.0,0.0,11.0,13.0,78.0,0.0,6.0,2.0,3.0,1.0,0.0,2.0,0.0,0.0,6.77,90.0,73.9,,,75.0,0.0,0.0,True
188987,Marko Kordić,M. Kordić,G,OFK Petrovac,Montenegro,1995-02-22,6216,18,1620.0,0.0,0.0,0.0,0.0,0.0,0.0,0.0,0.0,564.0,491.0,210.0,141.0,0.0,0.0,0.0,0.0,17.0,15.0,82.0,0.0,9.0,1.0,6.0,0.0,0.0,3.0,0.0,0.0,7.19,90.0,87.1,,,90.0,0.0,0.0,True
314142,Stefan Vico,S. Vico,D,FK Bokelj Kotor,Montenegro,1995-02-28,7581,19,1608.0,0.0,2.0,0.0,2.11,1.0,0.0,10.0,2.0,605.0,446.0,103.0,49.0,39.0,17.0,7.0,3.0,26.0,56.0,173.0,3.0,46.0,116.0,16.0,30.0,8.0,17.0,6.0,7.0,6.76,84.6,73.7,0.0,85.7,28.4,0.0,0.11,True
1185130,Arsenije Čepić,A. Čepić,M,FK Jedinstvo Bijelo Polje,Montenegro,2003-11-12,6219,18,1601.0,0.0,0.0,0.7,0.28,14.0,6.0,8.0,0.0,872.0,755.0,80.0,44.0,3.0,1.0,5.0,3.0,50.0,7.0,213.0,8.0,132.0,201.0,18.0,15.0,20.0,19.0,25.0,29.0,6.93,88.9,86.6,42.9,86.2,39.6,0.0,0.0,True
1131064,Balša Radusinović,B. Radusinović,F,FK Dečić Tuzi,Montenegro,2004-07-03,6226,19,1582.0,4.0,2.0,1.54,0.39,26.0,9.0,8.0,0.0,418.0,297.0,30.0,16.0,36.0,10.0,5.0,1.0,14.0,8.0,69.0,1.0,110.0,198.0,18.0,38.0,18.0,25.0,37.0,56.0,6.84,83.3,71.1,34.6,66.1,35.7,0.23,0.11,True
1063206,Leon Ujkaj,L. Ujkaj,D,FK Dečić Tuzi,Montenegro,1997-03-03,6226,18,1574.0,1.0,1.0,0.2,0.37,1.0,1.0,5.0,0.0,1071.0,936.0,172.0,104.0,1.0,1.0,3.0,1.0,46.0,67.0,233.0,11.0,94.0,142.0,29.0,21.0,18.0,24.0,9.0,9.0,7.03,87.4,87.4,100.0,100.0,39.8,0.06,0.06,True
57339,Dejan Boljević,D. Boljević,D,OFK Petrovac,Montenegro,1990-05-30,6216,18,1573.0,0.0,1.0,0.31000000000000005,1.17,6.0,1.0,11.0,1.0,693.0,539.0,102.0,50.0,46.0,12.0,3.0,3.0,30.0,33.0,165.0,8.0,70.0,110.0,36.0,31.0,8.0,11.0,8.0,12.0,6.85,87.4,77.8,16.7,66.7,38.9,0.0,0.06,True
1896811,Medo Juković,M. Juković,M,FK Sutjeska Nikšić,Montenegro,2004-12-31,6224,19,1570.0,2.0,1.0,2.06,1.25,30.0,7.0,17.0,0.0,492.0,360.0,55.0,25.0,23.0,8.0,7.0,4.0,12.0,6.0,94.0,0.0,118.0,188.0,2.0,9.0,19.0,27.0,36.0,50.0,6.92,82.6,73.2,23.3,72.0,38.6,0.11,0.06,True
1000154,Abdel Osmanović,A. Osmanović,D,FK Jezero,Montenegro,2001-01-12,24312,18,1566.0,0.0,2.0,0.12000000000000001,1.19,6.0,0.0,12.0,1.0,845.0,694.0,84.0,40.0,40.0,13.0,7.0,4.0,31.0,49.0,176.0,3.0,114.0,174.0,29.0,32.0,16.0,16.0,24.0,36.0,6.87,87.0,82.1,0.0,66.7,39.6,0.0,0.11,True
931333,Petar Radulović,P. Radulović,G,Mladost DG,Montenegro,2001-11-10,327162,17,1530.0,0.0,0.0,0.0,0.0,0.0,0.0,0.0,0.0,515.0,437.0,186.0,114.0,0.0,0.0,0.0,0.0,18.0,13.0,102.0,0.0,6.0,3.0,5.0,0.0,1.0,1.0,0.0,0.0,6.91,90.0,84.9,,,66.7,0.0,0.0,False
605370,Luka Uskoković,L. Uskoković,D,Mladost DG,Montenegro,1996-04-10,327162,18,1520.0,0.0,0.0,0.38,0.08,4.0,1.0,3.0,0.0,813.0,690.0,122.0,58.0,0.0,0.0,6.0,3.0,41.0,55.0,215.0,13.0,74.0,109.0,35.0,28.0,24.0,6.0,3.0,5.0,6.83,84.4,84.9,25.0,60.0,40.4,0.0,0.0,True
1479109,Marko Simun,M. Simun,M,FK Sutjeska Nikšić,Montenegro,2001-06-16,6224,17,1493.0,3.0,2.0,2.25,3.85,29.0,8.0,28.0,0.0,874.0,654.0,152.0,65.0,22.0,5.0,4.0,0.0,26.0,21.0,168.0,2.0,157.0,249.0,18.0,42.0,58.0,50.0,33.0,42.0,7.39,87.8,74.8,27.6,78.6,38.7,0.18,0.12,True
1030468,Žarko Popović,Ž. Popović,M,OFK Petrovac,Montenegro,1999-10-11,6216,18,1489.0,5.0,4.0,2.3,2.0100000000000002,35.0,9.0,19.0,3.0,642.0,519.0,70.0,43.0,13.0,5.0,7.0,3.0,16.0,10.0,132.0,0.0,141.0,200.0,15.0,27.0,34.0,42.0,37.0,46.0,7.29,82.7,80.8,25.7,80.4,41.3,0.3,0.24,True
363780,Staniša Mandić,S. Mandić,M,FK Arsenal Tivat,Montenegro,1995-01-27,37956,17,1477.0,1.0,3.0,0.47,0.77,10.0,1.0,10.0,0.0,480.0,301.0,85.0,30.0,35.0,16.0,3.0,2.0,32.0,60.0,133.0,1.0,106.0,185.0,35.0,35.0,28.0,17.0,26.0,37.0,6.78,86.9,62.7,10.0,70.3,36.4,0.06,0.18,True
1536333,Stefan Radojevic,S. Radojevic,M,FK Jedinstvo Bijelo Polje,Montenegro,2005-03-04,6219,18,1459.0,1.0,0.0,1.59,0.18,23.0,10.0,6.0,0.0,375.0,242.0,38.0,9.0,7.0,1.0,28.0,17.0,32.0,24.0,123.0,4.0,82.0,188.0,23.0,33.0,34.0,12.0,4.0,16.0,6.67,81.1,64.5,43.5,25.0,30.4,0.06,0.0,True
1391891,Danis Kolić,D. Kolić,M,FK Jedinstvo Bijelo Polje,Montenegro,2002-12-31,6219,18,1457.0,1.0,0.0,1.87,0.54,31.0,12.0,11.0,0.0,565.0,390.0,85.0,32.0,34.0,15.0,16.0,8.0,16.0,6.0,105.0,1.0,112.0,195.0,6.0,15.0,17.0,7.0,61.0,91.0,6.83,80.9,69.0,38.7,67.0,36.5,0.06,0.0,True
1163021,Nelson Augustin Cordoba,N. A. Cordoba,M,Mladost DG,Argentina,1999-05-01,327162,18,1448.0,1.0,2.0,2.12,0.86,9.0,3.0,11.0,0.0,623.0,514.0,60.0,31.0,16.0,8.0,13.0,8.0,40.0,17.0,161.0,4.0,86.0,132.0,23.0,20.0,14.0,21.0,18.0,24.0,7.03,80.4,82.5,33.3,75.0,39.4,0.06,0.12,False
808566,Armin Bošnjak,A. Bošnjak,M,FK Arsenal Tivat,Montenegro,1994-04-20,37956,19,1442.0,4.0,3.0,1.49,1.59,21.0,9.0,16.0,0.0,280.0,178.0,15.0,6.0,51.0,12.0,0.0,0.0,6.0,2.0,56.0,1.0,153.0,223.0,19.0,28.0,33.0,32.0,63.0,85.0,7.02,75.9,63.6,42.9,74.1,40.7,0.25,0.19,True
797928,Aldin Adžović,A. Adžović,M,FK Jezero,Montenegro,1994-06-18,24312,18,1438.0,1.0,6.0,0.79,2.62,24.0,5.0,21.0,1.0,945.0,760.0,130.0,56.0,16.0,7.0,6.0,2.0,38.0,28.0,156.0,3.0,107.0,155.0,6.0,8.0,31.0,33.0,22.0,31.0,7.22,79.9,80.4,20.8,71.0,40.8,0.06,0.38,False
1947605,Petar Ražnatović,P. Ražnatović,M,FK Arsenal Tivat,Montenegro,2008-08-07,37956,18,1429.0,2.0,1.0,1.25,1.0,19.0,7.0,7.0,1.0,218.0,146.0,16.0,5.0,15.0,3.0,10.0,3.0,17.0,11.0,83.0,3.0,73.0,224.0,21.0,39.0,29.0,21.0,15.0,24.0,6.74,79.4,67.0,36.8,62.5,24.6,0.13,0.06,True
286837,Ilija Martinović,I. Martinović,D,FK Mornar Bar,Montenegro,1994-01-31,36019,16,1427.0,3.0,0.0,2.09,0.29000000000000004,14.0,8.0,2.0,0.0,784.0,630.0,104.0,30.0,3.0,0.0,0.0,0.0,45.0,62.0,193.0,7.0,74.0,84.0,33.0,17.0,16.0,10.0,6.0,6.0,7.16,89.2,80.4,57.1,100.0,46.8,0.19,0.0,True
836566,Aleksandar Šćekić,A. Šćekić,M,FK Sutjeska Nikšić,Montenegro,1991-12-12,6224,16,1418.0,0.0,0.0,1.2200000000000002,0.55,9.0,4.0,10.0,0.0,866.0,748.0,61.0,34.0,3.0,2.0,3.0,0.0,42.0,27.0,215.0,3.0,66.0,102.0,36.0,20.0,15.0,9.0,2.0,3.0,7.1,88.6,86.4,44.4,66.7,39.3,0.0,0.0,True
1804545,Gojko Petović,G. Petović,D,FK Arsenal Tivat,Montenegro,2003-12-23,37956,17,1408.0,0.0,0.0,0.42,0.0,4.0,2.0,0.0,0.0,507.0,339.0,134.0,54.0,4.0,1.0,12.0,5.0,26.0,52.0,177.0,8.0,87.0,127.0,31.0,27.0,27.0,22.0,9.0,13.0,6.79,82.8,66.9,50.0,69.2,40.7,0.0,0.0,True
929719,Davor Kontić,D. Kontić,M,Mladost DG,Montenegro,1999-10-30,327162,17,1403.0,2.0,1.0,1.3900000000000001,0.52,10.0,4.0,7.0,0.0,751.0,667.0,61.0,36.0,9.0,3.0,8.0,1.0,34.0,27.0,180.0,9.0,91.0,181.0,15.0,29.0,34.0,20.0,14.0,17.0,6.88,82.5,88.8,40.0,82.4,33.5,0.13,0.06,True
184773,Irfan Šahman,I. Šahman,M,FK Arsenal Tivat,Montenegro,1993-10-05,37956,18,1400.0,0.0,0.0,0.5700000000000001,0.16999999999999998,14.0,3.0,7.0,0.0,555.0,438.0,68.0,26.0,6.0,2.0,2.0,1.0,31.0,12.0,122.0,1.0,62.0,114.0,8.0,15.0,12.0,14.0,17.0,21.0,6.75,77.8,78.9,21.4,81.0,35.2,0.0,0.0,True
984070,Marko Živanović,M. Živanović,M,FK Arsenal Tivat,Serbia,1997-01-16,37956,17,1394.0,0.0,0.0,0.060000000000000005,0.0,2.0,0.0,0.0,0.0,633.0,472.0,124.0,48.0,2.0,1.0,11.0,6.0,27.0,53.0,185.0,4.0,99.0,146.0,49.0,41.0,17.0,17.0,2.0,3.0,6.65,82.0,74.6,0.0,66.7,40.4,0.0,0.0,True
171431,Nikola Stijepović,N. Stijepović,D,FK Mornar Bar,Montenegro,1993-11-02,36019,16,1391.0,0.0,1.0,0.3,1.0,4.0,1.0,9.0,0.0,579.0,411.0,120.0,40.0,22.0,11.0,0.0,0.0,28.0,57.0,185.0,2.0,90.0,136.0,31.0,29.0,11.0,17.0,5.0,10.0,6.78,86.9,71.0,25.0,50.0,39.8,0.0,0.06,True
905970,Đorđe Maksimović,Đ. Maksimović,F,FK Jezero,Serbia,1999-10-09,24312,17,1389.0,9.0,0.0,7.54,0.92,38.0,18.0,12.0,0.0,262.0,196.0,9.0,3.0,5.0,0.0,8.0,2.0,6.0,8.0,38.0,0.0,69.0,160.0,33.0,46.0,15.0,19.0,8.0,14.0,7.11,81.7,74.8,47.4,57.1,30.1,0.58,0.0,True
54752,Žarko Korać,Ž. Korać,F,FK Jedinstvo Bijelo Polje,Montenegro,1987-06-11,6219,17,1384.0,4.0,1.0,4.43,0.62,25.0,11.0,12.0,0.0,283.0,217.0,14.0,7.0,8.0,0.0,4.0,2.0,4.0,29.0,34.0,2.0,121.0,204.0,72.0,113.0,56.0,38.0,9.0,14.0,7.01,81.4,76.7,44.0,64.3,37.2,0.26,0.07,True
1030493,Aleksa Golubović,A. Golubović,M,FK Sutjeska Nikšić,Montenegro,2002-11-19,6224,17,1381.0,2.0,0.0,0.41000000000000003,0.57,4.0,3.0,6.0,0.0,505.0,376.0,31.0,13.0,35.0,10.0,4.0,3.0,29.0,19.0,149.0,1.0,83.0,165.0,23.0,25.0,18.0,23.0,9.0,19.0,6.7,81.2,74.5,75.0,47.4,33.5,0.13,0.0,True
960227,Ognjen Obradović,O. Obradović,D,FK Jedinstvo Bijelo Polje,Montenegro,2000-03-15,6219,17,1378.0,0.0,0.0,0.9,0.09,4.0,0.0,2.0,0.0,675.0,536.0,120.0,59.0,0.0,0.0,3.0,1.0,23.0,65.0,243.0,9.0,79.0,109.0,42.0,28.0,17.0,7.0,1.0,1.0,6.86,81.1,79.4,0.0,100.0,42.0,0.0,0.0,True
986362,Marko Merdović,M. Merdović,D,OFK Petrovac,Montenegro,1998-11-17,6216,17,1376.0,0.0,1.0,0.48,0.37,5.0,2.0,4.0,0.0,843.0,698.0,159.0,75.0,11.0,7.0,3.0,2.0,21.0,55.0,158.0,13.0,54.0,75.0,30.0,18.0,10.0,15.0,2.0,4.0,6.99,80.9,82.8,40.0,50.0,41.9,0.0,0.07,True
1149284,Nenad Krivokapić,N. Krivokapić,F,FK Jezero,Montenegro,2005-02-01,24312,19,1367.0,1.0,0.0,0.83,0.76,11.0,6.0,8.0,0.0,368.0,274.0,25.0,14.0,25.0,5.0,3.0,2.0,22.0,8.0,76.0,0.0,88.0,152.0,6.0,21.0,24.0,24.0,32.0,49.0,6.76,71.9,74.5,54.5,65.3,36.7,0.07,0.0,True
1484679,Marko Franeta,M. Franeta,D,OFK Petrovac,Montenegro,2004-12-12,6216,17,1352.0,1.0,0.0,0.29000000000000004,0.060000000000000005,4.0,1.0,2.0,0.0,794.0,689.0,89.0,39.0,1.0,0.0,8.0,6.0,29.0,37.0,192.0,5.0,84.0,98.0,48.0,26.0,15.0,8.0,1.0,4.0,6.79,79.5,86.8,25.0,25.0,46.2,0.07,0.0,True
905682,Rijad Dzafic,R. Dzafic,G,FK Jedinstvo Bijelo Polje,Montenegro,2000-08-29,6219,15,1350.0,0.0,0.0,0.0,0.0,0.0,0.0,0.0,0.0,385.0,322.0,158.0,111.0,0.0,0.0,0.0,0.0,22.0,11.0,91.0,0.0,7.0,6.0,4.0,1.0,0.0,2.0,0.0,1.0,7.18,90.0,83.6,,0.0,53.8,0.0,0.0,False
1149289,Balša Mrvaljević,B. Mrvaljević,M,Mladost DG,Montenegro,2005-09-03,327162,19,1341.0,5.0,2.0,3.55,1.34,38.0,19.0,14.0,1.0,384.0,259.0,28.0,13.0,36.0,11.0,4.0,3.0,7.0,6.0,55.0,0.0,88.0,163.0,5.0,24.0,27.0,20.0,42.0,63.0,6.93,70.6,67.4,50.0,66.7,35.1,0.34,0.13,True
813112,Luka Maraš,L. Maraš,D,FK Bokelj Kotor,Montenegro,1996-05-24,7581,18,1339.0,2.0,1.0,1.6,2.02,12.0,7.0,14.0,1.0,304.0,215.0,39.0,15.0,46.0,15.0,17.0,11.0,9.0,27.0,83.0,2.0,111.0,182.0,11.0,27.0,28.0,40.0,35.0,43.0,6.89,74.4,70.7,58.3,81.4,37.9,0.13,0.07,True
1046042,Savo Arambašić,S. Arambašić,F,OFK Petrovac,Serbia,2001-01-27,6216,17,1335.0,4.0,2.0,5.1000000000000005,1.66,40.0,13.0,13.0,1.0,348.0,252.0,23.0,12.0,28.0,6.0,5.0,2.0,11.0,8.0,63.0,1.0,110.0,213.0,26.0,51.0,15.0,28.0,30.0,41.0,6.86,78.5,72.4,32.5,73.2,34.1,0.27,0.13,True
843005,Marko Đurišić,M. Đurišić,M,FK Mornar Bar,Serbia,1997-07-17,36019,17,1332.0,2.0,2.0,0.78,2.07,14.0,4.0,19.0,0.0,634.0,504.0,66.0,33.0,24.0,5.0,4.0,1.0,20.0,6.0,150.0,3.0,107.0,153.0,13.0,12.0,27.0,34.0,18.0,20.0,7.04,78.4,79.5,28.6,90.0,41.2,0.14,0.14,True
856483,Balša Sekulić,B. Sekulić,F,FK Mornar Bar,Montenegro,1998-06-10,36019,16,1327.0,8.0,4.0,8.08,1.51,42.0,19.0,9.0,1.0,291.0,229.0,3.0,2.0,10.0,6.0,1.0,0.0,3.0,3.0,32.0,1.0,70.0,190.0,12.0,35.0,34.0,19.0,17.0,24.0,7.08,82.9,78.7,45.2,70.8,26.9,0.54,0.27,True
1000770,Andrija Ražnatović,A. Ražnatović,D,FK Sutjeska Nikšić,Montenegro,2000-12-24,6224,18,1323.0,5.0,2.0,2.71,1.35,27.0,13.0,12.0,0.0,641.0,457.0,93.0,31.0,40.0,12.0,2.0,1.0,30.0,20.0,150.0,6.0,74.0,123.0,15.0,10.0,20.0,14.0,18.0,24.0,7.18,73.5,71.3,48.1,75.0,37.6,0.34,0.14,True
1423517,Lazar Maraš,L. Maraš,D,FK Dečić Tuzi,Montenegro,2006-01-01,6226,17,1318.0,0.0,1.0,0.34,1.69,5.0,1.0,9.0,2.0,538.0,416.0,56.0,30.0,38.0,15.0,19.0,15.0,28.0,28.0,149.0,6.0,70.0,148.0,19.0,17.0,21.0,9.0,10.0,19.0,6.75,77.5,77.3,20.0,52.6,32.1,0.0,0.07,True
889063,Stefan Fićović,S. Fićović,M,OFK Petrovac,Serbia,1998-05-31,6216,16,1291.0,2.0,2.0,0.6,0.23,12.0,2.0,8.0,0.0,565.0,462.0,52.0,19.0,7.0,1.0,15.0,11.0,29.0,19.0,144.0,5.0,93.0,150.0,28.0,27.0,32.0,15.0,11.0,14.0,6.86,80.7,81.8,16.7,78.6,38.3,0.14,0.14,True
1392904,Velimir Ljutica,V. Ljutica,D,FK Mornar Bar,Montenegro,2005-11-01,36019,17,1289.0,0.0,0.0,0.44,0.43999999999999995,4.0,1.0,2.0,1.0,611.0,432.0,139.0,57.0,24.0,5.0,4.0,2.0,25.0,43.0,162.0,5.0,73.0,102.0,28.0,16.0,9.0,17.0,5.0,7.0,6.69,75.8,70.7,25.0,71.4,41.7,0.0,0.0,True
1063210,Fatih Muković,F. Muković,M,FK Bokelj Kotor,Montenegro,2001-09-07,7581,16,1277.0,3.0,0.0,2.44,0.07,13.0,4.0,3.0,0.0,514.0,390.0,93.0,43.0,2.0,0.0,6.0,2.0,21.0,20.0,134.0,6.0,75.0,132.0,26.0,19.0,24.0,13.0,10.0,14.0,6.73,79.8,75.9,30.8,71.4,36.2,0.21,0.0,True
1408188,Petar Bogdanović,P. Bogdanović,M,FK Jezero,Serbia,2002-10-26,24312,19,1269.0,3.0,2.0,1.5,0.8200000000000001,23.0,10.0,15.0,0.0,391.0,286.0,27.0,12.0,28.0,5.0,1.0,0.0,15.0,8.0,70.0,2.0,81.0,150.0,2.0,5.0,9.0,11.0,48.0,71.0,6.91,66.8,73.1,43.5,67.6,35.1,0.21,0.14,True
909420,Marko Čavor,M. Čavor,D,FK Bokelj Kotor,Montenegro,1999-07-05,7581,16,1267.0,1.0,0.0,0.35,0.19,15.0,5.0,6.0,0.0,490.0,341.0,70.0,35.0,48.0,12.0,12.0,5.0,18.0,16.0,107.0,3.0,73.0,123.0,15.0,20.0,14.0,20.0,14.0,22.0,6.65,79.2,69.6,33.3,63.6,37.2,0.07,0.0,True
1035787,Nikola Jovićević,N. Jovićević,D,FK Jezero,Montenegro,1996-01-04,24312,14,1260.0,0.0,0.0,0.21,0.05,3.0,0.0,1.0,0.0,710.0,599.0,95.0,47.0,1.0,0.0,7.0,4.0,40.0,54.0,206.0,7.0,78.0,98.0,37.0,26.0,24.0,14.0,2.0,2.0,7.1,90.0,84.4,0.0,100.0,44.3,0.0,0.0,True
889352,Zoran Mikijelj,Z. Mikijelj,D,FK Arsenal Tivat,Montenegro,1991-12-13,37956,15,1259.0,2.0,1.0,1.4300000000000002,0.13,5.0,3.0,2.0,0.0,405.0,321.0,87.0,55.0,0.0,0.0,6.0,5.0,24.0,71.0,176.0,5.0,73.0,77.0,62.0,47.0,17.0,13.0,0.0,0.0,6.99,83.9,79.3,60.0,,48.7,0.14,0.07,True
138937,Boris Kopitović,B. Kopitović,D,FK Sutjeska Nikšić,Montenegro,1994-09-17,6224,14,1256.0,2.0,1.0,2.2600000000000002,0.28,6.0,3.0,2.0,0.0,715.0,624.0,99.0,46.0,2.0,1.0,3.0,2.0,42.0,39.0,165.0,5.0,46.0,84.0,20.0,16.0,25.0,6.0,1.0,1.0,7.01,89.7,87.3,50.0,100.0,35.4,0.14,0.07,True
138935,Momčilo Raspopović,M. Raspopović,D,FK Budućnost Podgorica,Montenegro,1994-03-18,5143,15,1239.0,2.0,1.0,1.24,0.61,15.0,4.0,11.0,0.0,670.0,496.0,101.0,40.0,43.0,11.0,4.0,2.0,34.0,32.0,205.0,1.0,123.0,154.0,43.0,18.0,22.0,14.0,18.0,26.0,7.09,82.6,74.0,26.7,69.2,44.4,0.15,0.07,True
1030487,Anđelko Jovanović,A. Jovanović,M,Mladost DG,Montenegro,1999-11-18,327162,19,1232.0,4.0,0.0,3.81,1.46,34.0,7.0,25.0,0.0,651.0,486.0,64.0,29.0,37.0,11.0,5.0,3.0,8.0,10.0,84.0,1.0,122.0,173.0,13.0,30.0,16.0,35.0,35.0,44.0,7.04,64.8,74.7,20.6,79.5,41.4,0.29,0.0,True
1381377,Kristijan Radunović,K. Radunović,M,FK Bokelj Kotor,Montenegro,2004-09-08,7581,15,1226.0,2.0,0.0,1.75,0.22,13.0,5.0,5.0,0.0,572.0,455.0,56.0,27.0,9.0,3.0,11.0,7.0,35.0,19.0,133.0,5.0,74.0,135.0,25.0,18.0,27.0,23.0,15.0,18.0,7.02,81.7,79.5,38.5,83.3,35.4,0.15,0.0,False
792102,Ilya Serikov,I. Serikov,D,FK Budućnost Podgorica,Russia,1995-03-04,5143,16,1224.0,2.0,0.0,1.04,0.0,8.0,4.0,1.0,0.0,831.0,745.0,42.0,27.0,3.0,0.0,8.0,5.0,23.0,42.0,175.0,5.0,90.0,94.0,43.0,21.0,15.0,11.0,1.0,1.0,6.99,76.5,89.7,50.0,100.0,48.9,0.15,0.0,True
138949,Igor Poček,I. Poček,F,FK Bokelj Kotor,Montenegro,1994-12-23,7581,17,1220.0,3.0,3.0,2.73,2.26,30.0,13.0,19.0,2.0,446.0,299.0,67.0,42.0,26.0,9.0,4.0,2.0,5.0,5.0,54.0,0.0,73.0,147.0,7.0,20.0,26.0,23.0,22.0,34.0,7.0,71.8,67.0,43.3,64.7,33.2,0.22,0.22,True
1497156,Lazar Knezevic,L. Knezevic,M,Mladost DG,Montenegro,2004-10-24,327162,16,1203.0,4.0,2.0,4.25,0.9,25.0,9.0,9.0,1.0,361.0,259.0,34.0,15.0,34.0,6.0,2.0,2.0,12.0,12.0,58.0,2.0,122.0,150.0,17.0,25.0,10.0,43.0,44.0,64.0,7.13,75.2,71.7,36.0,68.8,44.9,0.3,0.15,True
1190521,Lazar Šekularac,L. Šekularac,D,FK Jedinstvo Bijelo Polje,Montenegro,2006-10-11,6219,18,1199.0,0.0,1.0,0.1,1.46,3.0,2.0,7.0,2.0,344.0,213.0,65.0,29.0,34.0,10.0,0.0,0.0,13.0,24.0,83.0,2.0,61.0,183.0,10.0,24.0,24.0,9.0,12.0,19.0,6.38,66.6,61.9,66.7,63.2,25.0,0.0,0.08,True
1036138,Jovan Vujisic,J. Vujisic,D,Mladost DG,Montenegro,2003-10-09,327162,15,1192.0,0.0,0.0,0.44000000000000006,0.73,6.0,1.0,6.0,1.0,633.0,510.0,76.0,33.0,2.0,1.0,9.0,4.0,28.0,31.0,195.0,1.0,71.0,83.0,30.0,18.0,15.0,15.0,4.0,6.0,6.86,79.5,80.6,16.7,66.7,46.1,0.0,0.0,True
1423515,Danilo Vukanić,D. Vukanić,M,FK Budućnost Podgorica,Montenegro,2006-08-11,5143,18,1190.0,4.0,0.0,2.26,0.52,26.0,13.0,10.0,0.0,474.0,381.0,57.0,24.0,15.0,4.0,4.0,2.0,8.0,7.0,77.0,1.0,83.0,132.0,10.0,18.0,13.0,22.0,27.0,33.0,6.94,66.1,80.4,50.0,81.8,38.6,0.3,0.0,True
1035777,Igor Asanović,I. Asanović,G,FK Jezero,Montenegro,1992-04-20,24312,13,1170.0,0.0,0.0,0.0,0.0,0.0,0.0,0.0,0.0,372.0,350.0,54.0,35.0,0.0,0.0,0.0,0.0,13.0,3.0,64.0,0.0,7.0,0.0,4.0,0.0,0.0,4.0,0.0,0.0,6.97,90.0,94.1,,,100.0,0.0,0.0,True
1063207,Radoš Dedić,R. Dedić,D,FK Sutjeska Nikšić,Montenegro,1993-05-17,6224,15,1168.0,1.0,0.0,0.9500000000000001,0.0,6.0,4.0,0.0,0.0,650.0,561.0,76.0,29.0,3.0,1.0,10.0,6.0,21.0,50.0,127.0,6.0,61.0,89.0,30.0,25.0,17.0,15.0,3.0,4.0,6.95,77.9,86.3,66.7,75.0,40.7,0.08,0.0,True
1218103,Hiroki Harada,H. Harada,M,FK Jezero,Japan,1998-05-23,24312,15,1142.0,0.0,0.0,0.63,0.53,13.0,1.0,11.0,0.0,603.0,511.0,31.0,16.0,9.0,1.0,6.0,3.0,23.0,13.0,128.0,1.0,57.0,119.0,4.0,14.0,21.0,14.0,11.0,11.0,6.86,76.1,84.7,7.7,100.0,32.4,0.0,0.0,False
1131050,Andrej Cvijović,A. Cvijović,D,FK Jedinstvo Bijelo Polje,Montenegro,2001-12-11,6219,17,1129.0,1.0,0.0,1.0,1.53,22.0,8.0,14.0,0.0,344.0,227.0,55.0,26.0,44.0,11.0,0.0,0.0,12.0,14.0,76.0,1.0,72.0,120.0,13.0,15.0,12.0,3.0,29.0,40.0,6.93,66.4,66.0,36.4,72.5,37.5,0.08,0.0,True
1030472,Miomir Đuričković,M. Đuričković,D,FK Budućnost Podgorica,Montenegro,1997-07-26,5143,15,1110.0,0.0,0.0,0.37,0.27,6.0,1.0,4.0,0.0,807.0,674.0,144.0,73.0,11.0,5.0,3.0,1.0,17.0,30.0,144.0,5.0,67.0,93.0,30.0,15.0,15.0,10.0,3.0,3.0,6.87,74.0,83.5,16.7,100.0,41.9,0.0,0.0,True
791606,Adnan Bašić,A. Bašić,F,OFK Petrovac,Bosnia & Herzegovina,1996-12-13,6216,18,1104.0,6.0,1.0,4.15,0.5900000000000001,22.0,12.0,7.0,0.0,201.0,141.0,28.0,13.0,6.0,0.0,0.0,0.0,3.0,2.0,21.0,1.0,79.0,89.0,15.0,27.0,20.0,46.0,9.0,11.0,7.03,61.3,70.1,54.5,81.8,47.0,0.49,0.08,True
890615,Marko Milickovic,M. Milickovic,M,FK Budućnost Podgorica,Montenegro,1998-03-31,5143,19,1095.0,0.0,1.0,3.15,1.45,26.0,6.0,23.0,0.0,393.0,291.0,40.0,21.0,22.0,8.0,7.0,1.0,15.0,4.0,85.0,3.0,77.0,137.0,6.0,10.0,18.0,12.0,23.0,34.0,6.9,57.6,74.0,23.1,67.6,36.0,0.0,0.08,True
95583,Stefan Denković,S. Denković,M,FK Mornar Bar,Montenegro,1991-06-16,36019,16,1095.0,5.0,1.0,3.49,2.6,29.0,10.0,17.0,1.0,390.0,281.0,18.0,10.0,31.0,9.0,0.0,0.0,11.0,2.0,47.0,0.0,97.0,130.0,5.0,6.0,15.0,20.0,66.0,82.0,7.27,68.4,72.1,34.5,80.5,42.7,0.41,0.08,True
1391886,Sead Dacić,S. Dacić,M,FK Jedinstvo Bijelo Polje,Montenegro,1997-11-10,6219,18,1092.0,0.0,0.0,0.14,0.0,6.0,3.0,0.0,0.0,397.0,252.0,60.0,18.0,33.0,11.0,13.0,11.0,27.0,21.0,134.0,5.0,100.0,150.0,25.0,27.0,23.0,22.0,22.0,31.0,6.7,60.7,63.5,50.0,71.0,40.0,0.0,0.0,False
1103876,Drago Bumbar,D. Bumbar,D,FK Bokelj Kotor,Montenegro,1997-11-10,7581,12,1080.0,0.0,1.0,0.35,0.27,4.0,1.0,2.0,0.0,411.0,310.0,94.0,40.0,5.0,1.0,2.0,2.0,34.0,51.0,177.0,10.0,58.0,86.0,29.0,29.0,11.0,10.0,1.0,2.0,7.06,90.0,75.4,25.0,50.0,40.3,0.0,0.08,True
927881,Stefan Spasojević,S. Spasojević,G,FK Bokelj Kotor,Montenegro,1993-08-23,7581,12,1080.0,0.0,0.0,0.0,0.03,0.0,0.0,1.0,0.0,267.0,206.0,121.0,71.0,0.0,0.0,0.0,0.0,12.0,7.0,52.0,0.0,5.0,2.0,3.0,0.0,1.0,3.0,0.0,0.0,6.92,90.0,77.2,,,71.4,0.0,0.0,True
101202,Adnan Orahovac,A. Orahovac,D,FK Budućnost Podgorica,Montenegro,1991-02-05,5143,12,1080.0,0.0,0.0,0.49,0.51,3.0,2.0,2.0,1.0,783.0,694.0,77.0,41.0,0.0,0.0,8.0,2.0,31.0,36.0,190.0,5.0,65.0,64.0,35.0,13.0,18.0,9.0,0.0,0.0,7.13,90.0,88.6,66.7,,50.4,0.0,0.0,True
1035792,Petar Sekulović,P. Sekulović,D,FK Dečić Tuzi,Montenegro,1998-08-14,6226,15,1057.0,1.0,1.0,1.74,0.87,21.0,7.0,11.0,0.0,647.0,549.0,76.0,35.0,12.0,5.0,4.0,2.0,18.0,11.0,115.0,4.0,84.0,131.0,23.0,17.0,22.0,22.0,8.0,14.0,6.88,70.5,84.9,33.3,57.1,39.1,0.09,0.09,True
287757,Milan Vušurović,M. Vušurović,M,FK Budućnost Podgorica,Montenegro,1995-04-18,5143,16,1039.0,1.0,0.0,2.02,0.24000000000000002,18.0,6.0,9.0,0.0,466.0,341.0,61.0,20.0,24.0,7.0,1.0,1.0,17.0,19.0,91.0,1.0,62.0,101.0,9.0,16.0,9.0,11.0,16.0,21.0,6.76,64.9,73.2,33.3,76.2,38.0,0.09,0.0,True
1440632,Georgios Makrydakis,G. Makrydakis,D,FK Jedinstvo Bijelo Polje,Greece,2000-05-11,6219,15,1030.0,0.0,1.0,0.13,0.8500000000000001,3.0,1.0,11.0,0.0,430.0,321.0,44.0,20.0,38.0,12.0,2.0,2.0,23.0,23.0,119.0,1.0,65.0,91.0,18.0,11.0,6.0,16.0,14.0,24.0,6.71,68.7,74.7,33.3,58.3,41.7,0.0,0.09,True
807581,Miloš Nikolić,M. Nikolić,D,FK Jedinstvo Bijelo Polje,Serbia,1994-10-03,6219,12,1026.0,0.0,0.0,0.22,0.22,3.0,1.0,3.0,0.0,451.0,377.0,79.0,44.0,0.0,0.0,3.0,3.0,25.0,44.0,172.0,11.0,62.0,64.0,32.0,12.0,12.0,8.0,0.0,0.0,7.11,85.5,83.6,33.3,,49.2,0.0,0.0,True
58157,Jovan Nikolić,J. Nikolić,M,FK Arsenal Tivat,Montenegro,1991-07-21,37956,18,1019.0,0.0,0.0,0.35000000000000003,0.08,6.0,1.0,3.0,0.0,423.0,308.0,88.0,40.0,1.0,0.0,4.0,2.0,24.0,35.0,144.0,5.0,59.0,113.0,30.0,31.0,15.0,14.0,1.0,2.0,6.67,56.6,72.8,16.7,50.0,34.3,0.0,0.0,True
1486746,Alhassan Baba Musah,A. B. Musah,M,FK Bokelj Kotor,Ghana,2000-03-08,7581,18,1015.0,1.0,1.0,1.6500000000000001,0.72,16.0,5.0,8.0,1.0,228.0,145.0,12.0,3.0,36.0,9.0,12.0,7.0,6.0,11.0,48.0,0.0,64.0,171.0,11.0,32.0,19.0,9.0,31.0,43.0,6.59,56.4,63.6,31.2,72.1,27.2,0.09,0.09,True
881019,Vanja Vučićević,V. Vučićević,F,FK Arsenal Tivat,Serbia,1998-03-22,37956,17,997.0,1.0,1.0,1.8299999999999998,0.74,13.0,5.0,8.0,0.0,192.0,134.0,17.0,7.0,8.0,3.0,1.0,1.0,2.0,7.0,20.0,1.0,73.0,146.0,11.0,42.0,18.0,23.0,20.0,25.0,6.7,58.6,69.8,38.5,80.0,33.3,0.09,0.09,True
55655,Milan Mijatović,M. Mijatović,G,FK Budućnost Podgorica,Montenegro,1987-07-26,5143,11,990.0,0.0,0.0,0.0,0.0,0.0,0.0,0.0,0.0,285.0,241.0,73.0,37.0,0.0,0.0,0.0,0.0,18.0,4.0,64.0,0.0,4.0,1.0,0.0,1.0,0.0,3.0,0.0,0.0,6.95,90.0,84.6,,,80.0,0.0,0.0,True
889057,Mitar Ćuković,M. Ćuković,D,FK Arsenal Tivat,Montenegro,1995-04-06,37956,14,981.0,0.0,1.0,0.29,1.41,4.0,1.0,7.0,3.0,372.0,261.0,48.0,15.0,31.0,13.0,4.0,2.0,14.0,25.0,95.0,1.0,30.0,102.0,7.0,15.0,17.0,10.0,5.0,5.0,6.65,70.1,70.2,25.0,100.0,22.7,0.0,0.09,True
1005614,Andrej Bajović,A. Bajović,M,FK Dečić Tuzi,Montenegro,2003-06-06,6226,16,977.0,0.0,0.0,0.72,0.37,8.0,2.0,4.0,1.0,460.0,397.0,35.0,25.0,6.0,2.0,5.0,1.0,20.0,11.0,110.0,5.0,60.0,90.0,29.0,18.0,19.0,12.0,8.0,11.0,6.81,61.1,86.3,25.0,72.7,40.0,0.0,0.0,True
76273,Asmir Kajević,A. Kajević,M,FK Dečić Tuzi,Montenegro,1990-02-15,6226,17,964.0,5.0,1.0,3.07,0.73,17.0,11.0,10.0,0.0,392.0,339.0,20.0,11.0,11.0,5.0,1.0,0.0,8.0,8.0,50.0,4.0,47.0,105.0,6.0,16.0,16.0,12.0,15.0,17.0,6.91,56.7,86.5,64.7,88.2,30.9,0.47,0.09,True
978475,Stephano Almeida,S. Almeida,M,Mladost DG,Brazil,1993-09-17,327162,13,956.0,2.0,0.0,1.92,2.12,18.0,7.0,13.0,2.0,312.0,203.0,33.0,14.0,44.0,16.0,6.0,3.0,17.0,16.0,71.0,1.0,101.0,155.0,14.0,31.0,21.0,32.0,42.0,58.0,7.22,73.5,65.1,38.9,72.4,39.5,0.19,0.0,True
812745,Ilija Tučević,I. Tučević,D,FK Jezero,Montenegro,1995-10-18,24312,15,946.0,0.0,0.0,0.32,0.95,8.0,2.0,9.0,0.0,426.0,293.0,55.0,10.0,33.0,8.0,0.0,0.0,12.0,22.0,70.0,0.0,37.0,81.0,4.0,7.0,7.0,8.0,11.0,13.0,6.63,63.1,68.8,25.0,84.6,31.4,0.0,0.0,True
55668,Miloš Dragojević,M. Dragojević,G,FK Dečić Tuzi,Montenegro,1989-02-03,6226,11,942.0,0.0,0.0,0.0,0.0,0.0,0.0,0.0,0.0,340.0,300.0,101.0,67.0,0.0,0.0,0.0,0.0,12.0,4.0,79.0,0.0,7.0,2.0,5.0,0.0,0.0,2.0,0.0,0.0,6.89,85.6,88.2,,,77.8,0.0,0.0,True
189001,Jovan Baošić,J. Baošić,D,FK Mornar Bar,Montenegro,1995-07-07,36019,12,941.0,0.0,0.0,0.8300000000000001,0.41000000000000003,9.0,1.0,3.0,0.0,417.0,331.0,90.0,37.0,2.0,2.0,1.0,1.0,30.0,44.0,134.0,8.0,57.0,55.0,41.0,21.0,6.0,6.0,0.0,0.0,6.66,78.4,79.4,11.1,,50.9,0.0,0.0,True
1650228,Stefan  Mrsulja,S. Mrsulja,D,FK Bokelj Kotor,Montenegro,1999-12-15,7581,17,935.0,0.0,0.0,0.31000000000000005,0.0,3.0,1.0,0.0,0.0,337.0,265.0,76.0,41.0,1.0,1.0,9.0,6.0,16.0,36.0,115.0,5.0,50.0,76.0,18.0,28.0,10.0,2.0,5.0,6.0,6.64,55.0,78.6,33.3,83.3,39.7,0.0,0.0,False
1391884,Takeru Komiya,T. Komiya,F,FK Jedinstvo Bijelo Polje,Japan,2001-08-14,6219,18,916.0,0.0,1.0,1.76,0.9700000000000001,19.0,4.0,10.0,1.0,204.0,139.0,13.0,5.0,19.0,7.0,1.0,1.0,9.0,4.0,44.0,0.0,76.0,141.0,14.0,28.0,15.0,16.0,29.0,42.0,6.71,50.9,68.1,21.1,69.0,35.0,0.0,0.1,True
1185131,Stefan Golubović,S. Golubović,F,FK Bokelj Kotor,Montenegro,2005-09-02,7581,15,911.0,3.0,1.0,2.92,0.16999999999999998,12.0,9.0,3.0,0.0,163.0,118.0,4.0,3.0,2.0,1.0,0.0,0.0,5.0,5.0,31.0,2.0,86.0,169.0,52.0,52.0,14.0,23.0,3.0,8.0,6.73,60.7,72.4,75.0,37.5,33.7,0.3,0.1,False
1394763,Trimror Selimi,T. Selimi,M,FK Dečić Tuzi,Kosovo,2000-09-06,6226,16,911.0,4.0,2.0,2.91,0.45,18.0,10.0,3.0,0.0,191.0,135.0,14.0,6.0,18.0,6.0,2.0,0.0,9.0,5.0,54.0,2.0,77.0,139.0,8.0,20.0,16.0,22.0,29.0,46.0,6.74,56.9,70.7,55.6,63.0,35.6,0.4,0.2,True
1103884,Dušan Vuković,D. Vuković,M,Mladost DG,Montenegro,2003-07-27,327162,16,910.0,3.0,1.0,2.8,0.88,22.0,9.0,8.0,1.0,295.0,210.0,31.0,18.0,9.0,2.0,2.0,0.0,10.0,4.0,40.0,0.0,70.0,134.0,21.0,12.0,21.0,23.0,16.0,25.0,6.77,56.9,71.2,40.9,64.0,34.3,0.3,0.1,True
187341,Stefan Popović,S. Popović,G,FK Mornar Bar,Montenegro,1993-01-11,36019,10,900.0,0.0,0.0,0.0,0.0,0.0,0.0,0.0,0.0,295.0,269.0,100.0,76.0,0.0,0.0,0.0,0.0,10.0,3.0,50.0,0.0,4.0,0.0,3.0,0.0,0.0,3.0,0.0,0.0,6.85,90.0,91.2,,,100.0,0.0,0.0,True
894450,Yann Michael Yao,Y. M. Yao,M,FK Mornar Bar,Côte d'Ivoire,1997-06-20,36019,13,900.0,2.0,1.0,2.04,0.81,12.0,4.0,8.0,0.0,303.0,210.0,36.0,19.0,20.0,4.0,5.0,3.0,12.0,17.0,88.0,2.0,94.0,139.0,37.0,45.0,14.0,9.0,17.0,22.0,7.01,69.2,69.3,33.3,77.3,40.3,0.2,0.1,True
895528,Ljubiša Pecelj,L. Pecelj,D,FK Arsenal Tivat,Serbia,1993-09-29,37956,12,894.0,0.0,1.0,0.38,0.43,7.0,2.0,6.0,1.0,420.0,275.0,91.0,37.0,23.0,9.0,0.0,0.0,19.0,12.0,71.0,2.0,66.0,130.0,4.0,13.0,5.0,11.0,28.0,39.0,6.63,74.5,65.5,28.6,71.8,33.7,0.0,0.1,True
232450,Miguel Rodrigues,M. Rodrigues,D,Mladost DG,Portugal,1993-03-16,327162,12,888.0,2.0,0.0,1.11,0.0,6.0,3.0,1.0,0.0,533.0,452.0,55.0,23.0,0.0,0.0,8.0,6.0,29.0,25.0,127.0,4.0,40.0,78.0,19.0,26.0,11.0,4.0,1.0,1.0,6.78,74.0,84.8,50.0,100.0,33.9,0.2,0.0,True
959010,Zaim Divanović,Z. Divanović,M,OFK Petrovac,Montenegro,2000-12-09,6216,11,872.0,1.0,0.0,0.43,1.26,18.0,3.0,15.0,0.0,515.0,430.0,69.0,43.0,16.0,4.0,2.0,0.0,16.0,5.0,90.0,1.0,94.0,108.0,7.0,8.0,9.0,22.0,39.0,54.0,7.4,79.3,83.5,16.7,72.2,46.5,0.1,0.0,True
1214474,Nikola Vuković,N. Vuković,D,OFK Petrovac,Montenegro,2004-12-05,6216,15,868.0,1.0,0.0,0.21,0.83,6.0,2.0,7.0,0.0,370.0,262.0,54.0,26.0,21.0,7.0,2.0,1.0,10.0,28.0,87.0,1.0,35.0,89.0,12.0,11.0,10.0,9.0,6.0,12.0,6.68,57.9,70.8,33.3,50.0,28.2,0.1,0.0,True
1005600,Petar Vuković,P. Vuković,D,FK Budućnost Podgorica,Montenegro,2002-02-27,5143,11,864.0,0.0,0.0,0.01,0.43,1.0,0.0,7.0,0.0,405.0,307.0,73.0,29.0,23.0,11.0,5.0,1.0,20.0,29.0,101.0,3.0,42.0,95.0,19.0,9.0,14.0,3.0,3.0,7.0,6.81,78.5,75.8,0.0,42.9,30.7,0.0,0.0,True
1381381,Matije Badnjar,M. Badnjar,D,Mladost DG,Montenegro,2005-06-02,327162,15,862.0,0.0,1.0,0.09,0.53,3.0,0.0,5.0,0.0,392.0,270.0,72.0,28.0,27.0,4.0,1.0,0.0,17.0,16.0,112.0,4.0,65.0,81.0,13.0,7.0,13.0,17.0,10.0,12.0,6.59,57.5,68.9,0.0,83.3,44.5,0.0,0.1,False
878422,Nikola Furtula,N. Furtula,F,FK Sutjeska Nikšić,Serbia,1997-09-11,6224,17,857.0,1.0,0.0,2.31,0.61,14.0,2.0,7.0,0.0,212.0,145.0,6.0,2.0,10.0,4.0,0.0,0.0,5.0,6.0,23.0,1.0,74.0,132.0,50.0,55.0,8.0,7.0,8.0,10.0,6.72,50.4,68.4,14.3,80.0,35.9,0.11,0.0,True
1466922,Nikola Braunović,N. Braunović,M,FK Dečić Tuzi,Montenegro,1997-07-21,6226,10,854.0,1.0,0.0,0.39,0.0,3.0,1.0,0.0,0.0,488.0,379.0,126.0,67.0,6.0,2.0,2.0,1.0,23.0,42.0,110.0,8.0,34.0,65.0,9.0,17.0,11.0,3.0,3.0,4.0,6.94,85.4,77.7,33.3,75.0,34.3,0.11,0.0,True
882142,Danilo Pešukić,D. Pešukić,D,OFK Petrovac,Montenegro,2000-09-20,6216,13,837.0,0.0,3.0,0.6,2.43,6.0,3.0,22.0,1.0,370.0,249.0,74.0,34.0,58.0,19.0,1.0,1.0,17.0,22.0,102.0,0.0,51.0,68.0,15.0,10.0,8.0,17.0,11.0,14.0,7.12,64.4,67.3,50.0,78.6,42.9,0.0,0.32,True
962100,Vasilije Cavor,V. Cavor,F,FK Sutjeska Nikšić,Montenegro,2002-04-17,6224,15,830.0,3.0,1.0,1.5999999999999999,1.21,23.0,10.0,15.0,0.0,232.0,140.0,17.0,7.0,39.0,14.0,2.0,2.0,2.0,1.0,31.0,1.0,70.0,122.0,4.0,10.0,11.0,7.0,37.0,48.0,6.98,55.3,60.3,43.5,77.1,36.5,0.33,0.11,True
1498808,Vasilije Stojanović,V. Stojanović,G,FK Mornar Bar,Montenegro,2006-12-15,36019,9,810.0,0.0,0.0,0.0,0.0,0.0,0.0,0.0,0.0,175.0,130.0,89.0,47.0,0.0,0.0,0.0,0.0,6.0,4.0,38.0,0.0,2.0,1.0,0.0,0.0,0.0,1.0,0.0,0.0,7.13,90.0,74.3,,,66.7,0.0,0.0,True
1606668,Zarija Mugoša,Z. Mugoša,D,FK Bokelj Kotor,Montenegro,2007-07-13,7581,19,807.0,1.0,1.0,1.82,0.99,9.0,2.0,7.0,0.0,223.0,148.0,34.0,18.0,24.0,12.0,2.0,0.0,11.0,7.0,71.0,1.0,55.0,131.0,11.0,24.0,14.0,5.0,14.0,22.0,6.54,42.5,66.4,22.2,63.6,29.6,0.11,0.11,False
1005616,Lazar Mijović,L. Mijović,M,FK Budućnost Podgorica,Montenegro,2003-03-12,5143,12,803.0,4.0,3.0,3.48,2.44,23.0,9.0,17.0,3.0,239.0,160.0,18.0,7.0,28.0,7.0,0.0,0.0,4.0,0.0,38.0,0.0,80.0,104.0,1.0,3.0,10.0,8.0,43.0,51.0,7.31,66.9,66.9,39.1,84.3,43.5,0.45,0.34,True
874418,Mirza Idrizović,M. Idrizović,M,FK Jedinstvo Bijelo Polje,Montenegro,1997-12-10,6219,16,801.0,0.0,0.0,0.8900000000000001,0.33,11.0,1.0,6.0,0.0,291.0,227.0,25.0,15.0,7.0,3.0,7.0,4.0,13.0,12.0,63.0,4.0,57.0,115.0,8.0,17.0,20.0,15.0,18.0,27.0,6.64,50.1,78.0,9.1,66.7,33.1,0.0,0.0,True
889060,Nedeljko Piščević,N. Piščević,M,FK Budućnost Podgorica,Serbia,1995-04-20,5143,10,800.0,1.0,1.0,0.76,0.33,8.0,2.0,5.0,0.0,478.0,387.0,93.0,54.0,2.0,0.0,5.0,3.0,14.0,15.0,90.0,3.0,56.0,66.0,16.0,9.0,14.0,7.0,3.0,6.0,7.11,80.0,81.0,25.0,50.0,45.9,0.11,0.11,True
1800480,Nikola  Ukšanović,N. Ukšanović,D,Mladost DG,Montenegro,2001-08-30,327162,13,800.0,0.0,2.0,0.18000000000000002,1.34,4.0,1.0,13.0,0.0,349.0,245.0,59.0,26.0,30.0,13.0,1.0,0.0,20.0,14.0,72.0,3.0,59.0,81.0,9.0,5.0,8.0,12.0,14.0,25.0,6.61,61.5,70.2,25.0,56.0,42.1,0.0,0.22,False
1606673,Lazar Savović,L. Savović,M,FK Budućnost Podgorica,Montenegro,2008-01-12,5143,14,793.0,2.0,1.0,0.73,1.73,14.0,4.0,12.0,2.0,333.0,269.0,41.0,27.0,6.0,2.0,8.0,2.0,7.0,6.0,50.0,3.0,46.0,97.0,3.0,12.0,11.0,15.0,16.0,27.0,6.96,56.6,80.8,28.6,59.3,32.2,0.23,0.11,True
1016595,Ivan Bojović,I. Bojović,M,FK Budućnost Podgorica,Montenegro,2001-02-20,5143,12,785.0,2.0,1.0,2.55,0.9299999999999999,13.0,6.0,6.0,1.0,158.0,103.0,18.0,9.0,24.0,8.0,1.0,1.0,0.0,9.0,9.0,1.0,51.0,82.0,7.0,15.0,10.0,12.0,23.0,40.0,6.73,65.4,65.2,46.2,57.5,38.3,0.23,0.11,True
78954,Žarko Tomašević,Ž. Tomašević,D,FK Dečić Tuzi,Montenegro,1990-02-22,6226,9,781.0,0.0,0.0,0.64,0.15,4.0,2.0,2.0,0.0,584.0,501.0,102.0,53.0,5.0,3.0,1.0,1.0,17.0,36.0,101.0,4.0,35.0,40.0,20.0,12.0,8.0,8.0,5.0,5.0,7.16,86.8,85.8,50.0,100.0,46.7,0.0,0.0,True
172957,Vasko Kalezić,V. Kalezić,F,FK Sutjeska Nikšić,Montenegro,1994-03-14,6224,17,780.0,2.0,2.0,0.97,1.32,19.0,7.0,11.0,0.0,300.0,217.0,29.0,14.0,35.0,13.0,0.0,0.0,7.0,0.0,48.0,0.0,63.0,90.0,3.0,12.0,11.0,8.0,35.0,41.0,6.92,45.9,72.3,36.8,85.4,41.2,0.23,0.23,True
1085082,Damjan Dakić,D. Dakić,D,FK Budućnost Podgorica,Montenegro,2004-04-28,5143,11,778.0,0.0,0.0,0.05,0.02,2.0,0.0,1.0,0.0,464.0,410.0,39.0,16.0,2.0,0.0,9.0,5.0,18.0,35.0,118.0,2.0,43.0,79.0,20.0,18.0,12.0,4.0,1.0,2.0,6.76,70.7,88.4,0.0,50.0,35.2,0.0,0.0,True
1030465,Balša Tošković,B. Tošković,F,FK Sutjeska Nikšić,Montenegro,2003-01-01,6224,17,767.0,2.0,2.0,4.19,1.07,23.0,11.0,5.0,2.0,178.0,133.0,8.0,2.0,7.0,2.0,8.0,3.0,4.0,1.0,28.0,1.0,61.0,132.0,21.0,37.0,13.0,12.0,13.0,20.0,6.82,45.1,74.7,47.8,65.0,31.6,0.23,0.23,True
880655,Zvonko Ceklić,Z. Ceklić,D,Mladost DG,Montenegro,1999-04-11,327162,12,764.0,0.0,1.0,0.08,0.24000000000000002,2.0,0.0,2.0,0.0,364.0,291.0,46.0,20.0,11.0,4.0,7.0,5.0,18.0,32.0,88.0,3.0,46.0,73.0,15.0,8.0,8.0,3.0,4.0,6.0,6.64,63.7,79.9,0.0,66.7,38.7,0.0,0.12,True
941133,Petar Vukčević,P. Vukčević,M,FK Mornar Bar,Montenegro,2001-03-02,36019,17,763.0,0.0,0.0,1.9100000000000001,0.92,12.0,4.0,8.0,1.0,251.0,191.0,9.0,4.0,17.0,9.0,0.0,0.0,8.0,13.0,56.0,1.0,59.0,123.0,12.0,10.0,26.0,6.0,20.0,27.0,6.56,44.9,76.1,33.3,74.1,32.4,0.0,0.0,True
989177,Viktor Živojinović,V. Živojinović,M,OFK Petrovac,Serbia,1999-03-15,6216,14,752.0,2.0,1.0,1.02,0.39,21.0,5.0,8.0,0.0,179.0,121.0,14.0,6.0,22.0,8.0,0.0,0.0,12.0,4.0,35.0,0.0,56.0,86.0,3.0,15.0,5.0,13.0,26.0,36.0,6.87,53.7,67.6,23.8,72.2,39.4,0.24,0.12,True
1424818,Srđan Šćepanović,S. Šćepanović,D,FK Jedinstvo Bijelo Polje,Montenegro,1994-10-20,6219,9,746.0,0.0,0.0,0.25,0.0,2.0,0.0,0.0,0.0,286.0,224.0,47.0,24.0,0.0,0.0,5.0,2.0,15.0,31.0,99.0,6.0,35.0,42.0,22.0,16.0,12.0,4.0,0.0,0.0,6.8,82.9,78.3,0.0,,45.5,0.0,0.0,True
1423507,Bojan Damjanović,B. Damjanović,D,FK Sutjeska Nikšić,Montenegro,2006-06-06,6224,12,724.0,2.0,0.0,1.6500000000000001,0.0,4.0,2.0,0.0,0.0,370.0,330.0,33.0,18.0,0.0,0.0,5.0,3.0,11.0,33.0,89.0,4.0,39.0,53.0,21.0,7.0,6.0,1.0,2.0,2.0,6.78,60.3,89.2,50.0,100.0,42.4,0.25,0.0,True
1063202,Mario Gjolaj,M. Gjolaj,M,FK Jezero,Montenegro,2002-04-06,24312,19,722.0,1.0,1.0,1.29,0.8200000000000001,10.0,4.0,6.0,0.0,190.0,145.0,11.0,6.0,12.0,4.0,6.0,3.0,7.0,6.0,42.0,0.0,59.0,102.0,10.0,16.0,10.0,26.0,16.0,21.0,6.66,38.0,76.3,40.0,76.2,36.6,0.12,0.12,True
1005619,Filip Domazetović,F. Domazetović,G,FK Budućnost Podgorica,Montenegro,2004-03-31,5143,8,720.0,0.0,0.0,0.11,0.0,1.0,0.0,0.0,0.0,194.0,164.0,57.0,32.0,0.0,0.0,0.0,0.0,14.0,2.0,40.0,0.0,2.0,2.0,1.0,0.0,0.0,0.0,0.0,0.0,7.12,90.0,84.5,0.0,,50.0,0.0,0.0,True
804419,Demir Skrijelj,D. Skrijelj,M,FK Mornar Bar,Montenegro,1997-07-10,36019,15,719.0,0.0,2.0,0.89,1.75,7.0,3.0,15.0,1.0,271.0,203.0,20.0,10.0,17.0,6.0,1.0,0.0,2.0,0.0,34.0,0.0,78.0,93.0,3.0,7.0,10.0,25.0,26.0,34.0,6.77,47.9,74.9,42.9,76.5,45.6,0.0,0.25,True
44305,Draško Božović,D. Božović,M,FK Dečić Tuzi,Montenegro,1988-06-30,6226,17,701.0,4.0,1.0,2.49,0.75,10.0,7.0,9.0,0.0,403.0,311.0,43.0,21.0,19.0,7.0,2.0,2.0,7.0,3.0,39.0,1.0,28.0,41.0,3.0,5.0,8.0,10.0,7.0,9.0,6.92,41.2,77.2,70.0,77.8,40.6,0.51,0.13,True
1381384,Nemanja Carević,N. Carević,M,OFK Petrovac,Montenegro,2004-04-08,6216,11,698.0,3.0,0.0,1.01,0.52,10.0,4.0,5.0,0.0,220.0,166.0,16.0,7.0,14.0,5.0,2.0,0.0,4.0,4.0,31.0,1.0,40.0,73.0,17.0,15.0,10.0,4.0,4.0,7.0,6.79,63.5,75.5,40.0,57.1,35.4,0.39,0.0,True
1149286,Nikola Radusinović,N. Radusinović,M,Mladost DG,Montenegro,2005-03-19,327162,18,693.0,0.0,0.0,0.05,0.24,1.0,0.0,4.0,0.0,268.0,214.0,27.0,12.0,1.0,0.0,4.0,2.0,16.0,12.0,85.0,5.0,47.0,97.0,7.0,10.0,11.0,7.0,4.0,5.0,6.57,38.5,79.9,0.0,80.0,32.6,0.0,0.0,False
94246,Igor Ćuković,I. Ćuković,D,FK Bokelj Kotor,Montenegro,1993-06-06,7581,8,684.0,0.0,0.0,0.13,0.03,2.0,0.0,1.0,0.0,323.0,275.0,55.0,34.0,1.0,0.0,3.0,2.0,14.0,28.0,117.0,4.0,42.0,27.0,23.0,6.0,4.0,5.0,2.0,3.0,7.11,85.5,85.1,0.0,66.7,60.9,0.0,0.0,True
1185148,Matija Bojović,M. Bojović,D,FK Jezero,Montenegro,2004-05-03,24312,15,681.0,0.0,2.0,0.74,0.55,7.0,1.0,2.0,1.0,308.0,222.0,42.0,18.0,30.0,7.0,7.0,3.0,14.0,25.0,72.0,0.0,41.0,90.0,11.0,14.0,10.0,6.0,10.0,16.0,6.56,45.4,72.1,14.3,62.5,31.3,0.0,0.26,True
1396431,Danilo Radošević,D. Radošević,G,FK Dečić Tuzi,Montenegro,2002-12-10,6226,8,678.0,0.0,0.0,0.0,0.0,0.0,0.0,0.0,0.0,218.0,177.0,89.0,55.0,0.0,0.0,2.0,0.0,13.0,8.0,41.0,0.0,3.0,2.0,3.0,0.0,2.0,1.0,0.0,0.0,6.89,84.8,81.2,,,60.0,0.0,0.0,True
1149279,Dragan Miranović,D. Miranović,M,OFK Petrovac,Montenegro,2005-01-11,6216,14,675.0,0.0,1.0,0.48,0.04,13.0,4.0,4.0,0.0,300.0,256.0,28.0,15.0,3.0,0.0,7.0,4.0,25.0,9.0,94.0,4.0,40.0,80.0,6.0,13.0,19.0,12.0,4.0,6.0,6.77,48.2,85.3,30.8,66.7,33.3,0.0,0.13,True
869335,Ilir Camaj,I. Camaj,F,FK Dečić Tuzi,Montenegro,1996-06-24,6226,17,673.0,1.0,3.0,1.05,0.72,8.0,2.0,11.0,1.0,140.0,115.0,3.0,1.0,2.0,1.0,0.0,0.0,2.0,1.0,18.0,0.0,46.0,107.0,18.0,31.0,11.0,17.0,2.0,4.0,6.72,39.6,82.1,25.0,50.0,30.1,0.13,0.4,True
154655,Darko Zorić,D. Zorić,M,FK Mornar Bar,Montenegro,1993-09-12,36019,14,669.0,3.0,1.0,2.72,0.46,23.0,11.0,10.0,0.0,285.0,237.0,21.0,11.0,11.0,1.0,4.0,1.0,11.0,11.0,34.0,1.0,46.0,96.0,9.0,23.0,7.0,14.0,11.0,12.0,6.94,47.8,83.2,47.8,91.7,32.4,0.4,0.13,True
839270,Luka Malešević,L. Malešević,D,FK Mornar Bar,Montenegro,1998-08-01,36019,11,669.0,0.0,0.0,0.04,0.25,5.0,0.0,3.0,0.0,276.0,190.0,52.0,23.0,25.0,10.0,7.0,4.0,20.0,17.0,104.0,2.0,60.0,69.0,19.0,11.0,8.0,4.0,16.0,20.0,6.91,60.8,68.8,0.0,80.0,46.5,0.0,0.0,True
1648555,Meldin Kojić,M. Kojić,D,FK Jezero,Montenegro,2007-05-13,24312,10,666.0,1.0,1.0,0.09,0.12,3.0,1.0,1.0,0.0,204.0,139.0,28.0,13.0,16.0,4.0,4.0,3.0,3.0,24.0,45.0,3.0,33.0,74.0,5.0,11.0,10.0,5.0,7.0,12.0,6.51,66.6,68.1,33.3,58.3,30.8,0.14,0.14,False
1423503,Andrej Camaj,A. Camaj,F,FK Budućnost Podgorica,Montenegro,2006-03-12,5143,15,655.0,2.0,2.0,1.36,0.42000000000000004,17.0,6.0,6.0,0.0,194.0,127.0,30.0,14.0,18.0,3.0,4.0,1.0,8.0,12.0,28.0,0.0,36.0,104.0,1.0,7.0,14.0,2.0,22.0,34.0,6.75,43.7,65.5,35.3,64.7,25.7,0.27,0.27,True
838300,Stefan Golubović,S. Golubović,F,FK Dečić Tuzi,Serbia,1996-08-01,6226,9,648.0,1.0,1.0,1.24,0.09,9.0,2.0,3.0,0.0,125.0,87.0,3.0,3.0,8.0,3.0,1.0,1.0,1.0,3.0,12.0,1.0,54.0,87.0,25.0,33.0,17.0,12.0,5.0,8.0,6.77,72.0,69.6,22.2,62.5,38.3,0.14,0.14,True
1620437,Jagoš Roganović,J. Roganović,M,Mladost DG,Montenegro,,327162,16,645.0,3.0,1.0,3.32,0.56,14.0,7.0,2.0,1.0,103.0,77.0,6.0,4.0,1.0,0.0,2.0,1.0,0.0,1.0,7.0,0.0,27.0,70.0,6.0,26.0,4.0,7.0,9.0,10.0,6.74,40.3,74.8,50.0,90.0,27.8,0.42,0.14,False
1381358,Petar Aničić,P. Aničić,M,FK Sutjeska Nikšić,Montenegro,2004-07-12,6224,11,639.0,2.0,1.0,1.4,0.51,13.0,3.0,7.0,1.0,266.0,222.0,11.0,8.0,13.0,1.0,2.0,1.0,9.0,7.0,52.0,0.0,36.0,66.0,7.0,6.0,9.0,3.0,11.0,16.0,6.91,58.1,83.5,23.1,68.8,35.3,0.28,0.14,True
357712,Zoran Petrović,Z. Petrović,F,FK Budućnost Podgorica,Montenegro,1997-07-14,5143,13,636.0,0.0,1.0,0.87,0.36000000000000004,9.0,0.0,8.0,0.0,188.0,124.0,14.0,5.0,14.0,2.0,2.0,1.0,4.0,9.0,22.0,0.0,47.0,63.0,11.0,7.0,6.0,8.0,13.0,18.0,6.72,48.9,66.0,0.0,72.2,42.7,0.0,0.14,True
1405738,Benjamin Krijestarac,B. Krijestarac,G,FK Bokelj Kotor,Montenegro,2005-02-18,7581,7,630.0,0.0,0.0,0.0,0.0,0.0,0.0,0.0,0.0,179.0,149.0,64.0,35.0,0.0,0.0,0.0,0.0,6.0,3.0,30.0,0.0,4.0,1.0,2.0,0.0,0.0,3.0,0.0,0.0,7.13,90.0,83.2,,,80.0,0.0,0.0,True
57341,Petar Grbić,P. Grbić,M,FK Budućnost Podgorica,Montenegro,1988-08-07,5143,12,622.0,0.0,0.0,0.85,0.35,13.0,5.0,6.0,1.0,146.0,86.0,14.0,6.0,13.0,4.0,1.0,0.0,2.0,2.0,16.0,0.0,40.0,82.0,2.0,4.0,14.0,10.0,16.0,25.0,6.68,51.8,58.9,38.5,64.0,32.8,0.0,0.0,True
929112,Petar Pavlićević,P. Pavlićević,M,FK Dečić Tuzi,Montenegro,2000-05-10,6226,13,620.0,0.0,1.0,0.07,0.30000000000000004,2.0,1.0,4.0,0.0,334.0,286.0,31.0,16.0,5.0,1.0,3.0,1.0,6.0,2.0,45.0,2.0,31.0,58.0,3.0,8.0,10.0,11.0,9.0,11.0,6.63,47.7,85.6,50.0,81.8,34.8,0.0,0.15,True
1034556,Vuk Striković,V. Striković,M,FK Dečić Tuzi,Montenegro,2002-06-09,6226,15,619.0,1.0,0.0,1.19,0.07,7.0,3.0,2.0,0.0,183.0,120.0,7.0,1.0,12.0,2.0,1.0,1.0,3.0,5.0,22.0,0.0,50.0,74.0,26.0,27.0,6.0,10.0,12.0,18.0,6.63,41.3,65.6,42.9,66.7,40.3,0.15,0.0,True
1218295,Ayumu Nishimura,A. Nishimura,F,FK Bokelj Kotor,Japan,2001-03-14,7581,13,619.0,2.0,1.0,1.99,0.22999999999999998,12.0,5.0,2.0,0.0,118.0,86.0,2.0,0.0,3.0,0.0,4.0,1.0,0.0,4.0,17.0,0.0,39.0,99.0,17.0,46.0,8.0,14.0,3.0,5.0,6.59,47.6,72.9,41.7,60.0,28.3,0.29,0.15,True
800100,Nikola Zvrko,N. Zvrko,M,OFK Petrovac,Serbia,1995-03-07,6216,13,595.0,0.0,1.0,0.21000000000000002,0.12000000000000001,5.0,3.0,9.0,0.0,169.0,133.0,7.0,5.0,15.0,5.0,2.0,0.0,8.0,2.0,29.0,0.0,31.0,62.0,1.0,4.0,5.0,6.0,17.0,24.0,6.68,45.8,78.7,60.0,70.8,33.3,0.0,0.15,True
871881,Rodrigo Faust,R. Faust,F,Mladost DG,Argentina,1995-09-14,327162,11,591.0,3.0,1.0,2.1,0.31,15.0,9.0,6.0,0.0,123.0,80.0,7.0,2.0,5.0,1.0,1.0,0.0,2.0,6.0,13.0,1.0,30.0,72.0,15.0,35.0,7.0,12.0,5.0,5.0,6.74,53.7,65.0,60.0,100.0,29.4,0.46,0.15,True
1484678,Vukas Dragović,V. Dragović,M,FK Mornar Bar,Montenegro,2005-12-12,36019,12,588.0,0.0,0.0,0.77,0.44999999999999996,8.0,0.0,8.0,0.0,235.0,188.0,18.0,7.0,5.0,3.0,2.0,1.0,3.0,8.0,43.0,0.0,49.0,93.0,7.0,16.0,15.0,13.0,9.0,14.0,6.63,49.0,80.0,0.0,64.3,34.5,0.0,0.0,True
894403,Ivan Bulatović,I. Bulatović,F,FK Budućnost Podgorica,Montenegro,1996-02-16,5143,9,588.0,1.0,0.0,1.1199999999999999,0.5800000000000001,7.0,4.0,2.0,1.0,90.0,61.0,3.0,2.0,8.0,1.0,1.0,0.0,5.0,7.0,12.0,1.0,39.0,86.0,10.0,18.0,8.0,18.0,9.0,14.0,6.82,65.3,67.8,57.1,64.3,31.2,0.15,0.0,True
1404815,Matija Rovčanin,M. Rovčanin,F,FK Mornar Bar,Montenegro,2005-03-10,36019,15,584.0,0.0,1.0,0.77,1.28,9.0,5.0,6.0,2.0,148.0,99.0,5.0,2.0,24.0,8.0,1.0,1.0,6.0,6.0,39.0,0.0,64.0,97.0,10.0,13.0,7.0,10.0,30.0,46.0,6.71,38.9,66.9,55.6,65.2,39.8,0.0,0.15,True
1000577,Andrej Pupović,A. Pupović,D,OFK Petrovac,Montenegro,2001-06-09,6216,13,571.0,1.0,0.0,0.49,0.26,11.0,3.0,6.0,0.0,213.0,153.0,27.0,11.0,29.0,11.0,1.0,1.0,6.0,8.0,56.0,2.0,51.0,62.0,7.0,7.0,13.0,10.0,19.0,21.0,6.92,43.9,71.8,27.3,90.5,45.1,0.16,0.0,True
1391888,Šaban Kolić,Š. Kolić,G,FK Jezero,Montenegro,2004-01-18,24312,6,540.0,0.0,0.0,0.0,0.0,0.0,0.0,0.0,0.0,145.0,111.0,46.0,17.0,0.0,0.0,0.0,0.0,11.0,6.0,35.0,0.0,2.0,0.0,1.0,0.0,0.0,2.0,0.0,0.0,6.95,90.0,76.6,,,100.0,0.0,0.0,False
1005622,Jovan Dašić,J. Dašić,M,FK Mornar Bar,Montenegro,2003-03-29,36019,11,507.0,2.0,1.0,0.89,0.07,8.0,3.0,2.0,0.0,141.0,105.0,7.0,3.0,2.0,0.0,0.0,0.0,4.0,4.0,37.0,1.0,31.0,73.0,4.0,19.0,9.0,4.0,12.0,15.0,6.73,46.1,74.5,37.5,80.0,29.8,0.36,0.18,True
357692,Balša Boričić,B. Boričić,M,FK Jezero,Montenegro,1997-01-07,24312,13,500.0,0.0,0.0,0.08,0.26,4.0,0.0,6.0,0.0,306.0,263.0,17.0,8.0,7.0,1.0,3.0,1.0,4.0,3.0,33.0,0.0,44.0,66.0,3.0,5.0,10.0,19.0,18.0,23.0,6.67,38.5,85.9,0.0,78.3,40.0,0.0,0.0,True
1978656,Nemanja Pavićević,N. Pavićević,M,FK Jedinstvo Bijelo Polje,Montenegro,2005-03-11,6219,12,494.0,0.0,0.0,0.56,0.01,11.0,3.0,1.0,0.0,87.0,50.0,11.0,4.0,12.0,3.0,2.0,0.0,0.0,4.0,16.0,0.0,39.0,89.0,1.0,6.0,13.0,11.0,23.0,37.0,6.48,41.2,57.5,27.3,62.2,30.5,0.0,0.0,False
1067578,Igor Pajović,I. Pajović,M,FK Sutjeska Nikšić,Montenegro,2002-06-01,6224,9,470.0,0.0,0.0,0.02,0.29000000000000004,1.0,0.0,6.0,0.0,183.0,155.0,17.0,8.0,14.0,8.0,2.0,1.0,11.0,3.0,63.0,2.0,29.0,48.0,5.0,8.0,8.0,1.0,6.0,6.0,6.8,52.2,84.7,0.0,100.0,37.7,0.0,0.0,True
795912,Aleksandar Desančić,A. Desančić,M,FK Sutjeska Nikšić,Serbia,1996-02-20,6224,13,469.0,0.0,2.0,0.8400000000000001,0.33,5.0,2.0,5.0,0.0,231.0,181.0,14.0,8.0,7.0,1.0,4.0,2.0,11.0,7.0,55.0,1.0,42.0,71.0,4.0,25.0,7.0,13.0,9.0,14.0,6.72,36.1,78.4,40.0,64.3,37.2,0.0,0.38,True
1218106,Andrija Krivokapić,A. Krivokapić,D,FK Bokelj Kotor,Montenegro,2001-04-02,7581,8,461.0,0.0,0.0,0.01,0.0,1.0,0.0,0.0,0.0,159.0,102.0,34.0,13.0,8.0,4.0,1.0,1.0,6.0,11.0,45.0,0.0,17.0,45.0,6.0,2.0,3.0,2.0,2.0,4.0,6.53,57.6,64.2,0.0,50.0,27.4,0.0,0.0,True
1005621,Ognjen Đinović,O. Đinović,D,FK Sutjeska Nikšić,Montenegro,2003-09-12,6224,10,450.0,0.0,0.0,0.0,0.92,0.0,0.0,6.0,0.0,188.0,136.0,28.0,9.0,20.0,7.0,0.0,0.0,6.0,7.0,43.0,2.0,14.0,62.0,5.0,4.0,4.0,6.0,1.0,2.0,6.52,45.0,72.3,,50.0,18.4,0.0,0.0,True
325325,Ibrahima Mame Ndiaye,I. M. Ndiaye,F,FK Dečić Tuzi,Senegal,1994-02-01,6226,10,448.0,2.0,0.0,0.8200000000000001,0.28,6.0,3.0,2.0,0.0,121.0,86.0,9.0,4.0,5.0,1.0,1.0,1.0,7.0,7.0,25.0,3.0,34.0,65.0,23.0,22.0,12.0,2.0,2.0,7.0,6.67,44.8,71.1,50.0,28.6,34.3,0.4,0.0,True
1134549,Mamadou Camara,M. Camara,M,FK Sutjeska Nikšić,Senegal,2002-10-15,6224,9,427.0,0.0,0.0,0.16,0.26,4.0,2.0,5.0,0.0,200.0,169.0,24.0,15.0,0.0,0.0,6.0,3.0,8.0,7.0,54.0,1.0,38.0,51.0,3.0,4.0,11.0,10.0,9.0,10.0,6.86,47.4,84.5,50.0,90.0,42.7,0.0,0.0,True
929998,Ivan Vukčević,I. Vukčević,M,FK Sutjeska Nikšić,Montenegro,2001-12-04,6224,12,421.0,2.0,0.0,1.56,0.0,11.0,6.0,1.0,0.0,92.0,55.0,5.0,0.0,0.0,0.0,4.0,3.0,1.0,8.0,20.0,2.0,32.0,75.0,11.0,20.0,9.0,13.0,1.0,2.0,6.8,35.1,59.8,54.5,50.0,29.9,0.43,0.0,True
2073399,Mark Djokaj,M. Djokaj,F,FK Dečić Tuzi,Montenegro,2009-01-15,6226,13,412.0,0.0,1.0,0.33999999999999997,0.17,5.0,2.0,1.0,0.0,89.0,64.0,4.0,1.0,2.0,1.0,4.0,2.0,6.0,3.0,18.0,0.0,15.0,56.0,1.0,14.0,5.0,2.0,8.0,11.0,6.56,31.7,71.9,40.0,72.7,21.1,0.0,0.22,False
1108587,Robert Gjelaj,R. Gjelaj,D,FK Dečić Tuzi,Montenegro,2002-09-23,6226,8,392.0,1.0,0.0,0.85,0.11,2.0,1.0,4.0,0.0,192.0,148.0,32.0,14.0,8.0,2.0,1.0,1.0,4.0,13.0,44.0,4.0,29.0,40.0,9.0,11.0,4.0,4.0,7.0,7.0,6.89,49.0,77.1,50.0,100.0,42.0,0.23,0.0,True
843228,Leonel Strumia,L. Strumia,M,FK Budućnost Podgorica,Argentina,1992-09-29,5143,6,386.0,0.0,0.0,0.0,0.0,0.0,0.0,0.0,0.0,175.0,151.0,8.0,4.0,2.0,0.0,4.0,2.0,13.0,9.0,50.0,2.0,29.0,59.0,3.0,4.0,20.0,8.0,2.0,5.0,6.63,64.3,86.3,,40.0,33.0,0.0,0.0,True
1031066,Vitinho,Vitinho,M,FK Bokelj Kotor,Brazil,1997-09-08,7581,7,383.0,1.0,0.0,0.06,0.06999999999999999,3.0,1.0,3.0,0.0,170.0,141.0,10.0,5.0,3.0,1.0,5.0,2.0,5.0,6.0,57.0,0.0,43.0,63.0,7.0,6.0,7.0,16.0,7.0,7.0,6.87,54.7,82.9,33.3,100.0,40.6,0.23,0.0,True
226224,Filip Mitrović,F. Mitrović,D,FK Mornar Bar,Montenegro,1993-11-17,36019,6,369.0,0.0,0.0,0.15,0.11,1.0,1.0,1.0,0.0,185.0,155.0,30.0,14.0,1.0,1.0,1.0,1.0,4.0,11.0,40.0,1.0,20.0,28.0,10.0,7.0,4.0,5.0,0.0,0.0,6.48,61.5,83.8,100.0,,41.7,0.0,0.0,True
1648560,Nikola Pavličević,N. Pavličević,M,Mladost DG,Croatia,1993-05-13,327162,15,366.0,0.0,1.0,0.23,0.38,5.0,1.0,3.0,1.0,127.0,96.0,14.0,6.0,6.0,3.0,1.0,0.0,6.0,0.0,24.0,0.0,47.0,52.0,2.0,4.0,4.0,13.0,15.0,22.0,6.69,24.4,75.6,20.0,68.2,47.5,0.0,0.25,False
1134689,Goran Aković,G. Aković,G,FK Jedinstvo Bijelo Polje,Montenegro,2002-06-06,6219,4,360.0,0.0,0.0,0.0,0.0,0.0,0.0,0.0,0.0,78.0,66.0,27.0,17.0,0.0,0.0,0.0,0.0,5.0,1.0,18.0,0.0,0.0,0.0,0.0,0.0,0.0,0.0,0.0,0.0,6.85,90.0,84.6,,,,0.0,0.0,True
196634,Ognjen Rolović,O. Rolović,F,FK Jezero,Montenegro,1993-08-23,24312,17,359.0,5.0,1.0,5.49,0.5700000000000001,21.0,14.0,3.0,1.0,86.0,61.0,4.0,2.0,5.0,3.0,2.0,0.0,2.0,3.0,9.0,0.0,17.0,48.0,7.0,12.0,8.0,4.0,2.0,2.0,6.85,21.1,70.9,66.7,100.0,26.2,1.25,0.25,True
572018,Velizar Janketić,V. Janketić,M,FK Bokelj Kotor,Montenegro,1996-11-15,7581,7,355.0,2.0,0.0,0.59,0.36,6.0,4.0,5.0,1.0,133.0,96.0,16.0,7.0,6.0,0.0,0.0,0.0,3.0,2.0,21.0,0.0,23.0,36.0,3.0,5.0,3.0,11.0,6.0,8.0,7.0,50.7,72.2,66.7,75.0,39.0,0.51,0.0,True
807177,Žarko Vilotijević,Ž. Vilotijević,M,FK Bokelj Kotor,Montenegro,1996-01-04,7581,12,355.0,0.0,0.0,0.24,0.27,1.0,0.0,5.0,0.0,202.0,162.0,26.0,14.0,5.0,3.0,1.0,0.0,8.0,7.0,36.0,0.0,21.0,63.0,1.0,3.0,17.0,3.0,3.0,6.0,6.27,29.6,80.2,0.0,50.0,25.0,0.0,0.0,False
1034559,Balša Ćetković,B. Ćetković,D,FK Bokelj Kotor,Montenegro,2003-12-20,7581,4,350.0,0.0,0.0,0.0,0.0,0.0,0.0,0.0,0.0,147.0,126.0,16.0,8.0,0.0,0.0,4.0,2.0,13.0,12.0,44.0,3.0,15.0,22.0,6.0,7.0,6.0,1.0,0.0,0.0,6.95,87.5,85.7,,,40.5,0.0,0.0,True
1130148,Neđeljko Kovinić,N. Kovinić,F,OFK Petrovac,Montenegro,2002-02-07,6216,9,348.0,1.0,0.0,1.17,0.26,8.0,4.0,3.0,0.0,50.0,30.0,2.0,1.0,3.0,0.0,0.0,0.0,2.0,4.0,9.0,0.0,21.0,67.0,6.0,19.0,11.0,5.0,7.0,9.0,6.7,38.7,60.0,50.0,77.8,23.9,0.26,0.0,True
1382874,Aldin Mušović,A. Mušović,F,FK Jedinstvo Bijelo Polje,Montenegro,2002-11-10,6219,16,348.0,1.0,0.0,1.69,0.04,6.0,2.0,3.0,0.0,106.0,81.0,1.0,1.0,1.0,0.0,0.0,0.0,2.0,1.0,8.0,0.0,30.0,83.0,21.0,35.0,9.0,6.0,1.0,2.0,6.46,21.8,76.4,33.3,50.0,26.5,0.26,0.0,True
2081029,Matija Rakcevic,M. Rakcevic,M,FK Budućnost Podgorica,Montenegro,2009-01-26,5143,5,338.0,0.0,0.0,0.03,0.0,1.0,0.0,0.0,0.0,178.0,151.0,19.0,8.0,3.0,2.0,2.0,1.0,10.0,3.0,45.0,0.0,17.0,45.0,3.0,6.0,7.0,2.0,5.0,6.0,6.78,67.6,84.8,0.0,83.3,27.4,0.0,0.0,False
57463,Saša Balić,S. Balić,D,FK Bokelj Kotor,Montenegro,1990-01-29,7581,7,337.0,0.0,0.0,0.0,0.0,0.0,0.0,0.0,0.0,186.0,152.0,24.0,14.0,3.0,1.0,1.0,1.0,11.0,12.0,42.0,5.0,11.0,32.0,5.0,10.0,12.0,1.0,0.0,0.0,6.62,48.1,81.7,,,25.6,0.0,0.0,True
1187746,Danilo Bakić,D. Bakić,M,OFK Petrovac,Montenegro,1995-10-28,6216,4,337.0,0.0,0.0,0.060000000000000005,0.13,3.0,1.0,3.0,0.0,181.0,142.0,34.0,16.0,7.0,2.0,0.0,0.0,4.0,9.0,24.0,1.0,12.0,21.0,2.0,3.0,2.0,3.0,1.0,2.0,7.02,84.2,78.5,33.3,50.0,36.4,0.0,0.0,True
55534,Aleksandar Kapisoda,A. Kapisoda,D,OFK Petrovac,Montenegro,1989-09-17,6216,4,336.0,0.0,0.0,0.0,0.0,0.0,0.0,0.0,0.0,204.0,188.0,11.0,5.0,0.0,0.0,5.0,2.0,11.0,10.0,44.0,5.0,13.0,17.0,6.0,5.0,4.0,2.0,0.0,0.0,7.15,84.0,92.2,,,43.3,0.0,0.0,True
205970,Julian Montenegro,J. Montenegro,M,FK Arsenal Tivat,Argentina,1989-03-23,37956,11,333.0,0.0,0.0,0.4,0.16,8.0,6.0,3.0,0.0,74.0,38.0,6.0,1.0,2.0,0.0,2.0,0.0,2.0,3.0,18.0,1.0,31.0,57.0,11.0,18.0,7.0,7.0,6.0,12.0,6.66,30.3,51.4,75.0,50.0,35.2,0.0,0.0,True
842506,Aleksandar Macanović,A. Macanović,M,FK Arsenal Tivat,Montenegro,1993-04-16,37956,11,300.0,1.0,0.0,0.6699999999999999,0.33,7.0,2.0,2.0,0.0,143.0,113.0,10.0,3.0,5.0,2.0,2.0,1.0,6.0,4.0,23.0,0.0,19.0,54.0,6.0,14.0,4.0,6.0,5.0,7.0,6.67,27.3,79.0,28.6,71.4,26.0,0.3,0.0,True
1396429,Nemanja Bojanić,N. Bojanić,M,FK Arsenal Tivat,Montenegro,2006-02-04,37956,15,294.0,1.0,0.0,0.69,0.0,7.0,1.0,1.0,0.0,73.0,57.0,1.0,0.0,3.0,1.0,0.0,0.0,1.0,4.0,18.0,1.0,26.0,73.0,8.0,17.0,15.0,9.0,6.0,13.0,6.44,19.6,78.1,14.3,46.2,26.3,0.31,0.0,False
1008672,Dragan Stoisavljević,D. Stoisavljević,F,OFK Petrovac,Serbia,2003-11-25,6216,9,294.0,0.0,1.0,1.02,0.1,7.0,3.0,3.0,0.0,60.0,42.0,4.0,2.0,1.0,0.0,2.0,1.0,0.0,1.0,13.0,0.0,24.0,55.0,5.0,8.0,9.0,9.0,6.0,10.0,6.68,32.7,70.0,42.9,60.0,30.4,0.0,0.31,True
858601,Marin Galić,M. Galić,D,FK Budućnost Podgorica,Bosnia & Herzegovina,1995-09-21,5143,5,291.0,0.0,0.0,0.0,0.01,0.0,0.0,1.0,0.0,125.0,91.0,5.0,2.0,17.0,4.0,1.0,1.0,2.0,7.0,26.0,1.0,24.0,32.0,6.0,3.0,3.0,4.0,8.0,10.0,6.48,58.2,72.8,,80.0,42.9,0.0,0.0,True
1002892,Balša Dubljević,B. Dubljević,M,FK Mornar Bar,Montenegro,2001-12-02,36019,8,290.0,0.0,0.0,0.18,0.14,2.0,0.0,2.0,0.0,113.0,91.0,7.0,5.0,2.0,0.0,2.0,2.0,8.0,4.0,41.0,1.0,30.0,33.0,5.0,8.0,5.0,11.0,5.0,6.0,6.78,36.2,80.5,0.0,83.3,47.6,0.0,0.0,True
227396,Šaleta Kordić,Š. Kordić,F,FK Bokelj Kotor,Montenegro,1993-04-19,7581,11,285.0,1.0,0.0,0.57,0.0,3.0,2.0,0.0,0.0,68.0,46.0,7.0,3.0,0.0,0.0,1.0,0.0,0.0,1.0,7.0,1.0,33.0,46.0,20.0,19.0,10.0,5.0,1.0,2.0,6.58,25.9,67.6,66.7,50.0,41.8,0.32,0.0,True
1048761,Sotirios Kokkinis,S. Kokkinis,F,FK Bokelj Kotor,Greece,2000-07-11,7581,9,272.0,0.0,0.0,0.45,0.21,4.0,1.0,3.0,0.0,88.0,64.0,4.0,2.0,4.0,2.0,1.0,1.0,5.0,2.0,25.0,0.0,38.0,58.0,3.0,7.0,4.0,9.0,11.0,19.0,6.59,30.2,72.7,25.0,57.9,39.6,0.0,0.0,True
808563,Momčilo Dulović,M. Dulović,D,FK Jedinstvo Bijelo Polje,Montenegro,1992-05-25,6219,3,270.0,0.0,0.0,0.0,0.0,0.0,0.0,0.0,0.0,93.0,70.0,22.0,10.0,1.0,1.0,2.0,0.0,2.0,12.0,34.0,0.0,18.0,18.0,13.0,3.0,6.0,2.0,0.0,0.0,6.23,90.0,75.3,,,50.0,0.0,0.0,True
1112732,Bojan Pavićević,B. Pavićević,F,FK Mornar Bar,Montenegro,2004-07-02,36019,13,269.0,0.0,0.0,0.54,0.16,5.0,0.0,3.0,0.0,65.0,48.0,2.0,1.0,1.0,0.0,0.0,0.0,1.0,1.0,9.0,1.0,35.0,44.0,12.0,16.0,6.0,9.0,3.0,5.0,6.62,20.7,73.8,0.0,60.0,44.3,0.0,0.0,False
941693,Aleksandar Katanić,A. Katanić,F,FK Arsenal Tivat,Serbia,1995-08-15,37956,9,260.0,0.0,0.0,0.6799999999999999,0.0,7.0,2.0,0.0,0.0,47.0,26.0,2.0,1.0,2.0,1.0,0.0,0.0,0.0,1.0,5.0,1.0,24.0,51.0,7.0,19.0,1.0,9.0,4.0,4.0,6.56,28.9,55.3,28.6,100.0,32.0,0.0,0.0,True
334115,Matija Božanović,M. Božanović,M,FK Dečić Tuzi,Montenegro,1994-04-13,6226,7,260.0,0.0,0.0,0.07,0.0,1.0,0.0,0.0,0.0,144.0,112.0,11.0,6.0,1.0,1.0,1.0,0.0,4.0,3.0,37.0,0.0,21.0,38.0,9.0,5.0,7.0,8.0,0.0,2.0,6.54,37.1,77.8,0.0,0.0,35.6,0.0,0.0,True
1877899,Pjeter Ljuljduraj,P. Ljuljduraj,D,FK Dečić Tuzi,Montenegro,1992-06-29,6226,7,258.0,0.0,0.0,0.0,0.73,1.0,0.0,3.0,0.0,131.0,114.0,15.0,10.0,5.0,3.0,1.0,1.0,9.0,13.0,46.0,3.0,15.0,27.0,5.0,2.0,3.0,2.0,2.0,2.0,6.76,36.9,87.0,0.0,100.0,35.7,0.0,0.0,True
959868,Vladan Kordić,V. Kordić,F,OFK Petrovac,Montenegro,1998-06-22,6216,10,253.0,0.0,0.0,1.11,0.05,6.0,3.0,1.0,0.0,63.0,36.0,3.0,2.0,6.0,1.0,0.0,0.0,2.0,4.0,23.0,0.0,28.0,34.0,13.0,15.0,8.0,8.0,5.0,6.0,6.65,25.3,57.1,50.0,83.3,45.2,0.0,0.0,False
128761,Igor Ivanović,I. Ivanović,M,FK Budućnost Podgorica,Montenegro,1990-09-09,5143,6,238.0,0.0,1.0,0.47,0.11,3.0,1.0,2.0,0.0,101.0,68.0,8.0,3.0,5.0,2.0,0.0,0.0,3.0,0.0,19.0,0.0,21.0,33.0,2.0,6.0,7.0,7.0,3.0,3.0,6.62,39.7,67.3,33.3,100.0,38.9,0.0,0.38,True
1871041,Matija Jovanovic,M. Jovanovic,,FK Budućnost Podgorica,Montenegro,,5143,9,233.0,0.0,0.0,0.01,0.02,1.0,0.0,1.0,0.0,68.0,58.0,0.0,0.0,4.0,1.0,3.0,2.0,2.0,1.0,15.0,1.0,33.0,47.0,6.0,9.0,7.0,8.0,9.0,15.0,6.58,25.9,85.3,0.0,60.0,41.2,0.0,0.0,False
2217779,Yonathan Rodriguez,Y. Rodriguez,M,FK Jedinstvo Bijelo Polje,Argentina,,6219,4,227.0,0.0,0.0,0.11,0.05,4.0,1.0,1.0,0.0,89.0,72.0,14.0,8.0,0.0,0.0,0.0,0.0,2.0,0.0,13.0,0.0,19.0,38.0,2.0,3.0,2.0,3.0,5.0,9.0,6.8,56.8,80.9,25.0,55.6,33.3,0.0,0.0,False
1595583,Balša Radević,B. Radević,M,FK Bokelj Kotor,Montenegro,2006-07-23,7581,9,223.0,0.0,0.0,0.16,0.0,1.0,0.0,0.0,0.0,48.0,33.0,4.0,2.0,3.0,0.0,1.0,0.0,1.0,3.0,10.0,0.0,16.0,43.0,5.0,7.0,6.0,6.0,4.0,9.0,6.34,24.8,68.8,0.0,44.4,27.1,0.0,0.0,False
1391890,Uroš Bulatović,U. Bulatović,M,FK Jezero,Montenegro,2004-12-07,24312,14,216.0,0.0,2.0,0.11,0.7,5.0,2.0,8.0,1.0,224.0,184.0,32.0,19.0,8.0,4.0,2.0,1.0,5.0,3.0,22.0,0.0,16.0,21.0,2.0,1.0,1.0,3.0,5.0,6.0,6.86,15.4,82.1,40.0,83.3,43.2,0.0,0.83,False
1481226,Danilo Ćetković,D. Ćetković,M,FK Sutjeska Nikšić,Montenegro,2006-07-19,6224,7,197.0,0.0,0.0,0.15000000000000002,0.0,3.0,2.0,0.0,0.0,84.0,74.0,2.0,0.0,2.0,1.0,1.0,1.0,3.0,0.0,11.0,1.0,7.0,41.0,1.0,4.0,5.0,2.0,1.0,2.0,6.47,28.1,88.1,66.7,50.0,14.6,0.0,0.0,True
1163504,David Sim,D. Sim,D,FK Arsenal Tivat,Croatia,2004-05-13,37956,4,190.0,1.0,0.0,0.3,0.0,1.0,1.0,1.0,0.0,68.0,44.0,3.0,0.0,5.0,2.0,1.0,0.0,3.0,3.0,16.0,0.0,9.0,35.0,1.0,1.0,2.0,1.0,2.0,7.0,6.3,47.5,64.7,100.0,28.6,20.5,0.47,0.0,True
1030485,Petar Mališić,P. Mališić,D,FK Arsenal Tivat,Montenegro,2001-09-04,37956,10,190.0,0.0,0.0,0.36,0.0,1.0,0.0,0.0,0.0,49.0,26.0,8.0,2.0,3.0,0.0,2.0,0.0,4.0,4.0,18.0,2.0,8.0,30.0,4.0,5.0,7.0,1.0,2.0,3.0,6.34,19.0,53.1,0.0,66.7,21.1,0.0,0.0,False
1423524,Ognjen Milović,O. Milović,G,Mladost DG,Montenegro,2006-03-14,327162,2,180.0,0.0,0.0,0.0,0.0,0.0,0.0,0.0,0.0,63.0,56.0,24.0,19.0,0.0,0.0,0.0,0.0,0.0,1.0,11.0,0.0,0.0,0.0,0.0,0.0,0.0,0.0,0.0,0.0,6.75,90.0,88.9,,,,0.0,0.0,True
1190522,Imran Redžepagić,I. Redžepagić,M,FK Jezero,Montenegro,2007-02-19,24312,11,176.0,0.0,0.0,0.07,0.03,2.0,0.0,1.0,0.0,98.0,76.0,11.0,4.0,2.0,0.0,2.0,1.0,7.0,3.0,27.0,0.0,19.0,41.0,4.0,3.0,9.0,6.0,3.0,6.0,6.48,16.0,77.6,0.0,50.0,31.7,0.0,0.0,False
976992,Luka Štor,L. Štor,F,FK Budućnost Podgorica,Slovenia,1998-07-05,5143,7,174.0,0.0,1.0,0.25,0.08,1.0,1.0,1.0,0.0,35.0,23.0,1.0,1.0,2.0,0.0,0.0,0.0,2.0,0.0,5.0,0.0,7.0,24.0,3.0,6.0,4.0,0.0,0.0,1.0,6.57,24.9,65.7,100.0,0.0,22.6,0.0,0.52,True
1426667,Matija Vukčević,M. Vukčević,D,Mladost DG,Montenegro,2003-12-11,327162,10,172.0,0.0,0.0,0.17,0.44,2.0,1.0,5.0,0.0,94.0,69.0,18.0,10.0,8.0,5.0,1.0,0.0,5.0,3.0,23.0,1.0,14.0,21.0,4.0,3.0,5.0,1.0,3.0,3.0,6.7,17.2,73.4,50.0,100.0,40.0,0.0,0.0,False
1196772,Arlind Maloku,A. Maloku,M,FK Dečić Tuzi,Kosovo,2004-06-01,6226,5,170.0,0.0,0.0,0.13,0.2,2.0,0.0,1.0,0.0,51.0,37.0,1.0,0.0,3.0,2.0,0.0,0.0,0.0,0.0,7.0,0.0,12.0,21.0,0.0,2.0,2.0,5.0,5.0,6.0,6.5,34.0,72.5,0.0,83.3,36.4,0.0,0.0,True
890634,Novica Eraković,N. Eraković,M,FK Sutjeska Nikšić,Montenegro,1999-11-12,6224,2,169.0,0.0,0.0,0.03,0.03,1.0,0.0,1.0,0.0,43.0,23.0,2.0,0.0,4.0,1.0,1.0,0.0,3.0,1.0,13.0,0.0,6.0,20.0,1.0,2.0,3.0,1.0,1.0,2.0,6.5,84.5,53.5,0.0,50.0,23.1,0.0,0.0,True
1030470,Marko Đukanović,M. Đukanović,D,FK Sutjeska Nikšić,Montenegro,1996-10-22,6224,3,148.0,1.0,0.0,0.08,0.0,1.0,1.0,0.0,0.0,96.0,81.0,9.0,2.0,0.0,0.0,0.0,0.0,1.0,2.0,16.0,0.0,6.0,6.0,4.0,3.0,1.0,2.0,0.0,0.0,6.95,49.3,84.4,100.0,,50.0,0.61,0.0,True
2444869,Pavle  Božović,P. Božović,F,FK Jedinstvo Bijelo Polje,,,6219,8,147.0,1.0,0.0,0.08,0.0,2.0,1.0,0.0,0.0,64.0,47.0,8.0,4.0,3.0,1.0,2.0,0.0,1.0,0.0,12.0,1.0,16.0,20.0,0.0,4.0,2.0,5.0,9.0,10.0,6.71,18.4,73.4,50.0,90.0,44.4,0.61,0.0,False
1005748,Veljko Radenović,V. Radenović,M,FK Jedinstvo Bijelo Polje,Montenegro,2001-08-27,6219,5,147.0,0.0,0.0,0.08,0.06,1.0,0.0,1.0,0.0,72.0,55.0,8.0,3.0,8.0,3.0,2.0,1.0,6.0,4.0,23.0,0.0,13.0,19.0,4.0,0.0,7.0,3.0,4.0,5.0,6.68,29.4,76.4,0.0,80.0,40.6,0.0,0.0,False
1799572,Halil Kajoshaj,H. Kajoshaj,D,FK Dečić Tuzi,Montenegro,2006-03-21,6226,3,129.0,1.0,0.0,0.16,0.0,1.0,1.0,0.0,0.0,13.0,9.0,2.0,1.0,0.0,0.0,1.0,1.0,3.0,0.0,5.0,0.0,2.0,18.0,1.0,5.0,1.0,0.0,0.0,1.0,6.57,43.0,69.2,100.0,0.0,10.0,0.7,0.0,False
1606671,Todor Miljanić,T. Miljanić,D,FK Sutjeska Nikšić,Montenegro,2007-11-03,6224,4,115.0,1.0,0.0,0.43,0.03,3.0,3.0,1.0,0.0,31.0,21.0,2.0,0.0,4.0,2.0,1.0,0.0,1.0,0.0,4.0,0.0,8.0,22.0,0.0,3.0,2.0,1.0,2.0,2.0,6.67,28.8,67.7,100.0,100.0,26.7,0.78,0.0,False
1982085,Velid Škrijelj,V. Škrijelj,F,FK Jedinstvo Bijelo Polje,Montenegro,2006-06-18,6219,4,102.0,0.0,0.0,0.0,0.06,0.0,0.0,1.0,0.0,20.0,10.0,1.0,0.0,4.0,1.0,0.0,0.0,0.0,1.0,4.0,0.0,5.0,20.0,0.0,1.0,3.0,1.0,1.0,1.0,6.45,25.5,50.0,,100.0,20.0,0.0,0.0,False
355010,Suad Ličina,S. Ličina,G,OFK Petrovac,Montenegro,1995-02-08,6216,1,90.0,0.0,0.0,0.0,0.0,0.0,0.0,0.0,0.0,22.0,17.0,12.0,8.0,0.0,0.0,0.0,0.0,0.0,1.0,4.0,0.0,1.0,0.0,0.0,0.0,0.0,1.0,0.0,0.0,7.3,90.0,77.3,,,100.0,0.0,0.0,True
920738,Igor Nikić,I. Nikić,G,FK Dečić Tuzi,Montenegro,2000-08-25,6226,1,90.0,0.0,0.0,0.0,0.0,0.0,0.0,0.0,0.0,45.0,36.0,19.0,11.0,0.0,0.0,0.0,0.0,3.0,0.0,5.0,0.0,1.0,0.0,1.0,0.0,0.0,0.0,0.0,0.0,6.7,90.0,80.0,,,100.0,0.0,0.0,True
932310,Ognjen Gašević,O. Gašević,D,FK Budućnost Podgorica,Montenegro,2002-04-02,5143,1,90.0,0.0,1.0,0.04,0.26,2.0,1.0,1.0,0.0,60.0,50.0,3.0,2.0,2.0,0.0,1.0,1.0,0.0,1.0,7.0,0.0,4.0,9.0,1.0,0.0,2.0,1.0,2.0,4.0,7.1,90.0,83.3,50.0,50.0,30.8,0.0,1.0,True
1032030,Stojan Vukčević,S. Vukčević,G,FK Sutjeska Nikšić,Montenegro,2000-09-03,6224,1,90.0,0.0,0.0,0.0,0.0,0.0,0.0,0.0,0.0,13.0,11.0,3.0,1.0,0.0,0.0,0.0,0.0,0.0,0.0,5.0,0.0,0.0,0.0,0.0,0.0,0.0,0.0,0.0,0.0,6.6,90.0,84.6,,,,0.0,0.0,True
1423516,Ivan Božinović,I. Božinović,G,FK Arsenal Tivat,Montenegro,2006-03-14,37956,1,90.0,0.0,0.0,0.0,0.0,0.0,0.0,0.0,0.0,14.0,11.0,8.0,5.0,0.0,0.0,0.0,0.0,1.0,0.0,8.0,0.0,1.0,0.0,1.0,0.0,0.0,0.0,0.0,0.0,7.4,90.0,78.6,,,100.0,0.0,0.0,False
1154328,Malić Mucević,M. Mucević,D,FK Mornar Bar,Montenegro,2000-11-17,36019,1,90.0,0.0,0.0,0.0,0.0,0.0,0.0,0.0,0.0,61.0,51.0,8.0,4.0,0.0,0.0,3.0,0.0,1.0,3.0,10.0,0.0,6.0,6.0,2.0,1.0,2.0,2.0,0.0,0.0,6.4,90.0,83.6,,,50.0,0.0,0.0,False
2327413,Jonathan Ezequiel Rodriguez,J. E. Rodriguez,M,FK Jedinstvo Bijelo Polje,,,6219,4,87.0,1.0,0.0,0.15,0.04,2.0,2.0,2.0,0.0,34.0,29.0,2.0,2.0,0.0,0.0,0.0,0.0,0.0,0.0,8.0,0.0,9.0,11.0,0.0,2.0,2.0,3.0,2.0,2.0,6.9,21.8,85.3,100.0,100.0,45.0,1.03,0.0,False
886236,Alija Krnić,A. Krnić,M,OFK Petrovac,Montenegro,1998-01-02,6216,6,75.0,0.0,0.0,0.12000000000000001,0.15,3.0,0.0,1.0,0.0,30.0,22.0,0.0,0.0,3.0,0.0,0.0,0.0,0.0,0.0,7.0,0.0,6.0,13.0,1.0,3.0,2.0,2.0,1.0,1.0,6.62,12.5,73.3,0.0,100.0,31.6,0.0,0.0,True
798005,Marko Vučić,M. Vučić,D,FK Mornar Bar,Montenegro,1996-12-30,36019,2,54.0,0.0,0.0,0.0,0.03,0.0,0.0,1.0,0.0,17.0,12.0,1.0,1.0,2.0,0.0,1.0,1.0,1.0,0.0,4.0,0.0,0.0,8.0,0.0,2.0,0.0,0.0,0.0,0.0,6.6,27.0,70.6,,,0.0,0.0,0.0,True
2296517,Marko Telesmanić,M. Telesmanić,F,FK Arsenal Tivat,Montenegro,2007-11-26,37956,2,51.0,0.0,0.0,0.0,0.02,0.0,0.0,1.0,0.0,12.0,9.0,0.0,0.0,0.0,0.0,2.0,0.0,1.0,0.0,4.0,0.0,4.0,11.0,1.0,4.0,3.0,3.0,2.0,2.0,6.65,25.5,75.0,,100.0,26.7,0.0,0.0,False
1606688,Nikola Balević,N. Balević,M,OFK Petrovac,Montenegro,2007-12-24,6216,2,50.0,0.0,0.0,0.0,0.0,0.0,0.0,0.0,0.0,11.0,10.0,1.0,1.0,0.0,0.0,0.0,0.0,0.0,0.0,2.0,0.0,4.0,5.0,1.0,1.0,2.0,2.0,1.0,1.0,6.65,25.0,90.9,,100.0,44.4,0.0,0.0,False
2081027,Petar Vujović,P. Vujović,M,FK Budućnost Podgorica,Montenegro,2009-08-11,5143,1,45.0,0.0,0.0,0.0,0.13,0.0,0.0,1.0,0.0,9.0,6.0,0.0,0.0,3.0,0.0,0.0,0.0,1.0,0.0,2.0,0.0,4.0,5.0,2.0,0.0,0.0,1.0,0.0,1.0,6.7,45.0,66.7,,0.0,44.4,0.0,0.0,False
1030476,Alden Škrijelj,A. Škrijelj,M,FK Mornar Bar,Montenegro,2000-10-18,36019,2,34.0,0.0,1.0,0.02,0.13,1.0,0.0,1.0,0.0,11.0,6.0,2.0,1.0,3.0,1.0,0.0,0.0,0.0,1.0,2.0,0.0,5.0,8.0,0.0,4.0,1.0,0.0,4.0,4.0,6.75,17.0,54.5,0.0,100.0,38.5,0.0,2.65,True
1166154,Mladen Kovačević,M. Kovačević,M,FK Jedinstvo Bijelo Polje,Serbia,2002-09-23,6219,2,26.0,0.0,0.0,0.0,0.0,0.0,0.0,0.0,0.0,15.0,9.0,3.0,2.0,1.0,0.0,0.0,0.0,1.0,0.0,1.0,0.0,0.0,4.0,0.0,1.0,0.0,0.0,0.0,1.0,6.5,13.0,60.0,,0.0,0.0,0.0,0.0,True
804420,Zeljko Krstovic,Z. Krstovic,M,Mladost DG,Montenegro,1989-10-19,327162,3,26.0,0.0,0.0,0.0,0.0,0.0,0.0,0.0,0.0,31.0,23.0,3.0,1.0,0.0,0.0,0.0,0.0,0.0,2.0,4.0,0.0,1.0,6.0,1.0,1.0,0.0,0.0,0.0,0.0,6.45,8.7,74.2,,,14.3,0.0,0.0,True
1467725,Marko Brnović,M. Brnović,M,FK Sutjeska Nikšić,Montenegro,2003-06-27,6224,2,23.0,0.0,0.0,0.03,0.0,1.0,0.0,0.0,0.0,9.0,8.0,0.0,0.0,0.0,0.0,0.0,0.0,0.0,0.0,4.0,0.0,3.0,5.0,1.0,2.0,0.0,0.0,1.0,1.0,6.55,11.5,88.9,0.0,100.0,37.5,0.0,0.0,True
1035785,Edis Redžepagić,E. Redžepagić,F,FK Jezero,Montenegro,1997-07-27,24312,3,22.0,0.0,0.0,0.03,0.0,1.0,0.0,0.0,0.0,3.0,1.0,0.0,0.0,0.0,0.0,0.0,0.0,0.0,1.0,1.0,0.0,2.0,9.0,1.0,2.0,1.0,1.0,1.0,2.0,6.4,7.3,33.3,0.0,50.0,18.2,0.0,0.0,True
945734,Filip Šćekić,F. Šćekić,D,FK Jedinstvo Bijelo Polje,Montenegro,1999-12-28,6219,1,16.0,0.0,0.0,0.0,0.0,0.0,0.0,0.0,0.0,5.0,2.0,0.0,0.0,0.0,0.0,1.0,0.0,1.0,0.0,2.0,0.0,0.0,4.0,0.0,0.0,1.0,0.0,0.0,0.0,6.4,16.0,40.0,,,0.0,0.0,0.0,False
1030491,Nemanja Đurović,N. Đurović,D,FK Bokelj Kotor,Montenegro,2000-12-18,7581,1,16.0,0.0,0.0,0.0,0.16,0.0,0.0,1.0,0.0,9.0,8.0,2.0,1.0,0.0,0.0,0.0,0.0,1.0,0.0,4.0,0.0,0.0,0.0,0.0,0.0,0.0,1.0,0.0,0.0,6.8,16.0,88.9,,,,0.0,0.0,True
1021410,Salih Husić,S. Husić,D,FK Jezero,Bosnia & Herzegovina,2002-08-06,24312,2,12.0,0.0,0.0,0.0,0.0,0.0,0.0,0.0,0.0,4.0,4.0,1.0,1.0,0.0,0.0,0.0,0.0,0.0,0.0,1.0,0.0,0.0,6.0,0.0,4.0,1.0,0.0,0.0,0.0,6.2,6.0,100.0,,,0.0,0.0,0.0,True
2217594,Vuk Čukić,V. Čukić,,FK Arsenal Tivat,,,37956,1,10.0,0.0,0.0,0.0,0.0,0.0,0.0,0.0,0.0,2.0,1.0,0.0,0.0,1.0,0.0,0.0,0.0,0.0,0.0,1.0,0.0,2.0,1.0,0.0,0.0,0.0,1.0,0.0,0.0,6.6,10.0,50.0,,,66.7,0.0,0.0,False
1218114,Strahinja Tešović,S. Tešović,M,OFK Petrovac,Montenegro,2005-01-05,6216,1,10.0,0.0,0.0,0.0,0.0,0.0,0.0,0.0,0.0,6.0,6.0,0.0,0.0,0.0,0.0,0.0,0.0,1.0,0.0,2.0,0.0,2.0,3.0,1.0,0.0,1.0,0.0,1.0,1.0,6.8,10.0,100.0,,100.0,40.0,0.0,0.0,True
1976042,Đorđe Fabris,Đ. Fabris,D,OFK Petrovac,Montenegro,2008-06-10,6216,1,10.0,0.0,0.0,0.0,0.0,0.0,0.0,0.0,0.0,2.0,2.0,1.0,1.0,0.0,0.0,0.0,0.0,1.0,0.0,1.0,0.0,0.0,2.0,0.0,0.0,0.0,0.0,0.0,0.0,6.5,10.0,100.0,,,0.0,0.0,0.0,False
1606678,Matija Nikčević,M. Nikčević,F,FK Sutjeska Nikšić,Montenegro,2007-03-07,6224,1,8.0,0.0,0.0,0.0,0.0,0.0,0.0,0.0,0.0,0.0,0.0,0.0,0.0,0.0,0.0,0.0,0.0,0.0,0.0,0.0,0.0,0.0,1.0,0.0,1.0,0.0,0.0,0.0,0.0,6.3,8.0,,,,0.0,0.0,0.0,False
2267444,Mihailo Micanovic,M. Micanovic,,FK Arsenal Tivat,,,37956,1,7.0,0.0,0.0,0.0,0.0,0.0,0.0,0.0,0.0,7.0,6.0,0.0,0.0,1.0,0.0,0.0,0.0,0.0,0.0,0.0,0.0,2.0,1.0,0.0,0.0,0.0,0.0,1.0,1.0,6.6,7.0,85.7,,100.0,66.7,0.0,0.0,False
2060338,Andrej Bozovic,A. Bozovic,M,Mladost DG,Montenegro,2007-11-25,327162,1,5.0,0.0,0.0,0.0,0.03,0.0,0.0,1.0,0.0,4.0,2.0,1.0,0.0,0.0,0.0,0.0,0.0,1.0,0.0,4.0,0.0,3.0,1.0,1.0,0.0,0.0,1.0,1.0,1.0,6.9,5.0,50.0,,100.0,75.0,0.0,0.0,False
57729,Luka Mirković,L. Mirković,M,FK Budućnost Podgorica,Montenegro,1990-11-01,5143,1,4.0,0.0,0.0,0.0,0.0,0.0,0.0,0.0,0.0,8.0,7.0,1.0,0.0,0.0,0.0,0.0,0.0,1.0,0.0,1.0,0.0,0.0,0.0,0.0,0.0,0.0,0.0,0.0,0.0,6.5,4.0,87.5,,,,0.0,0.0,True
1005618,Nikola Vukotić,N. Vukotić,D,Mladost DG,Montenegro,2003-01-09,327162,1,4.0,0.0,0.0,0.0,0.0,0.0,0.0,0.0,0.0,5.0,4.0,1.0,0.0,0.0,0.0,0.0,0.0,1.0,0.0,1.0,0.0,0.0,0.0,0.0,0.0,0.0,0.0,0.0,0.0,6.6,4.0,80.0,,,,0.0,0.0,False
933885,Aleksandar Vlahović,A. Vlahović,D,FK Sutjeska Nikšić,Montenegro,2000-03-10,6224,1,2.0,0.0,0.0,0.0,0.0,0.0,0.0,0.0,0.0,1.0,1.0,0.0,0.0,0.0,0.0,0.0,0.0,0.0,0.0,2.0,0.0,2.0,0.0,0.0,0.0,0.0,0.0,1.0,1.0,,2.0,100.0,,100.0,100.0,0.0,0.0,True
2210662,Vasilije Kašćelan,V. Kašćelan,,FK Arsenal Tivat,,,37956,1,2.0,0.0,0.0,0.0,0.0,0.0,0.0,0.0,0.0,1.0,1.0,0.0,0.0,0.0,0.0,0.0,0.0,1.0,0.0,1.0,0.0,0.0,2.0,0.0,0.0,0.0,0.0,0.0,0.0,,2.0,100.0,,,0.0,0.0,0.0,False
1063190,Bogdan Milić,B. Milić,D,FK Dečić Tuzi,Montenegro,2001-09-12,6226,1,2.0,0.0,0.0,0.0,0.0,0.0,0.0,0.0,0.0,1.0,0.0,0.0,0.0,0.0,0.0,0.0,0.0,0.0,2.0,0.0,0.0,0.0,2.0,0.0,0.0,0.0,0.0,0.0,0.0,,2.0,0.0,,,0.0,0.0,0.0,True
1035786,Anil Julević,A. Julević,F,FK Jezero,Montenegro,2002-11-01,24312,1,1.0,0.0,0.0,0.0,0.18,0.0,0.0,1.0,0.0,1.0,1.0,0.0,0.0,1.0,1.0,0.0,0.0,0.0,0.0,0.0,0.0,0.0,1.0,0.0,1.0,0.0,0.0,0.0,0.0,,1.0,100.0,,,0.0,0.0,0.0,False
1393483,Mihailo Ilić,M. Ilić,D,FK Jezero,Serbia,2000-11-02,24312,1,1.0,0.0,0.0,0.0,0.0,0.0,0.0,0.0,0.0,0.0,0.0,0.0,0.0,0.0,0.0,0.0,0.0,0.0,2.0,0.0,0.0,0.0,0.0,0.0,0.0,0.0,0.0,0.0,0.0,,1.0,,,,,0.0,0.0,True
1961866,Lazar Zlatičanin,L. Zlatičanin,F,FK Mornar Bar,Montenegro,2006-04-15,36019,1,1.0,0.0,0.0,0.0,0.0,0.0,0.0,0.0,0.0,0.0,0.0,0.0,0.0,0.0,0.0,0.0,0.0,0.0,0.0,0.0,0.0,0.0,1.0,0.0,0.0,0.0,0.0,0.0,0.0,,1.0,,,,0.0,0.0,0.0,True
2210663,Aleksa Kralj,A. Kralj,D,FK Arsenal Tivat,Montenegro,,37956,1,1.0,0.0,0.0,0.0,0.0,0.0,0.0,0.0,0.0,0.0,0.0,0.0,0.0,0.0,0.0,0.0,0.0,0.0,0.0,0.0,0.0,0.0,0.0,0.0,0.0,0.0,0.0,0.0,0.0,,1.0,,,,,0.0,0.0,False
