match_id,team_id,team_name,team_side,accurateCross,accurateLongBalls,accuratePasses,accurateThroughBall,aerialDuelsPercentage,ballPossession,ballRecovery,bigChanceCreated,bigChanceMissed,bigChanceScored,blockedScoringAttempt,cornerKicks,dispossessed,diveSaves,dribblesPercentage,duelWonPercent,errorsLeadToGoal,errorsLeadToShot,expectedGoals,finalThirdEntries,finalThirdPhaseStatistic,fouledFinalThird,fouls,freeKicks,goalKicks,goalkeeperSaves,groundDuelsPercentage,highClaims,hitWoodwork,interceptionWon,offsides,passes,penaltySaves,punches,redCards,shotsOffGoal,shotsOnGoal,throwIns,totalClearance,totalShotsInsideBox,totalShotsOnGoal,totalShotsOutsideBox,totalTackle,touchesInOppBox,wonTacklePercent,yellowCards
14015386,5149,FK Crvena zvezda,home,8,12,525,4.0,13,68,51,8.0,5.0,3.0,5,9,16,1.0,8,50,,,4.32,83,158,5.0,13,11,0,3.0,38,,1,7,2.0,586,,,,15,9,21,9,15,29,14,19,35,11,
14015386,5144,FK Javor Ivanjica,away,0,19,208,0.0,12,32,45,0.0,0.0,0.0,0,1,14,1.0,4,50,,,0.12,34,28,0.0,12,13,17,5.0,40,,0,11,0.0,279,,,,2,3,9,28,2,5,3,23,4,12,
14015387,5153,OFK Beograd,home,4,23,378,1.0,8,56,42,2.0,1.0,1.0,3,3,11,1.0,8,51,1.0,0.0,0.94,54,65,7.0,13,22,5,4.0,46,0.0,1,10,2.0,444,,1.0,,5,4,16,23,9,12,3,17,15,10,2.0
14015387,36967,FK Spartak Subotica,away,3,18,279,2.0,10,44,38,4.0,2.0,2.0,3,8,8,2.0,8,49,0.0,1.0,1.98,51,66,3.0,22,12,7,3.0,41,2.0,1,6,1.0,353,,1.0,,6,7,22,20,11,16,5,20,20,17,3.0
14015388,5150,FK Vojvodina,home,3,26,309,2.0,15,48,56,3.0,1.0,2.0,1,3,13,1.0,12,47,0.0,,1.04,57,66,3.0,15,9,7,2.0,42,1.0,0,10,2.0,393,,1.0,1.0,2,5,22,15,5,8,3,22,12,13,3.0
14015388,111127,FK Radnik Surdulica,away,1,25,357,1.0,15,52,50,0.0,0.0,0.0,2,2,11,1.0,9,53,1.0,,0.44,52,85,0.0,9,15,3,3.0,49,1.0,0,9,1.0,429,,1.0,0.0,5,2,18,27,2,9,7,26,18,24,2.0
14015389,263360,FK TSC Bačka Topola,home,2,26,293,1.0,11,52,52,2.0,,2.0,4,4,11,,7,56,1.0,,1.2,58,78,2.0,13,25,3,4.0,51,,0,10,4.0,373,,1.0,,4,3,22,25,8,11,3,19,24,9,4.0
14015389,25737,FK Radnički Niš,away,4,9,246,0.0,14,48,48,0.0,,0.0,0,3,13,,4,44,0.0,,1.1,63,75,2.0,25,13,10,1.0,35,,0,3,4.0,344,,0.0,,3,5,31,14,3,8,5,20,7,14,7.0
14015390,7771,FK Mladost Lučani,home,3,24,285,1.0,21,46,46,4.0,3.0,1.0,1,5,8,1.0,7,53,,1.0,1.55,50,65,5.0,12,21,11,3.0,37,0.0,0,12,2.0,368,1.0,0.0,,8,3,22,27,8,12,4,10,18,8,3.0
14015390,308176,FK IMT Beograd,away,4,36,340,1.0,18,54,42,4.0,3.0,1.0,6,4,7,0.0,9,47,,0.0,2.13,68,88,2.0,21,11,12,2.0,33,1.0,0,7,0.0,428,0.0,4.0,,3,5,17,24,8,14,6,14,23,6,5.0
14015391,5148,FK Čukarički,home,7,39,447,,17,73,46,3.0,2.0,1.0,4,5,3,0.0,4,49,,,2.04,82,171,0.0,16,11,7,0.0,30,1.0,1,1,2.0,531,,0.0,0.0,5,6,11,21,9,15,6,16,29,7,0.0
14015391,7674,FK Napredak Kruševac,away,4,23,121,,24,27,31,1.0,1.0,0.0,1,5,8,1.0,1,51,,,0.47,39,26,3.0,11,16,14,5.0,25,2.0,0,10,0.0,192,,3.0,1.0,8,0,13,26,7,9,2,8,15,3,5.0
14015393,282203,FK Železničar Pančevo,home,4,24,193,,6,34,45,2.0,2.0,,2,6,7,1.0,6,47,,0.0,0.48,50,54,,9,14,6,5.0,30,1.0,1,9,1.0,280,,,,7,1,15,32,5,10,5,10,26,6,3.0
14015393,5152,FK Partizan,away,8,32,454,,20,66,51,1.0,1.0,,4,7,5,0.0,2,53,,1.0,1.61,68,108,,14,9,9,1.0,21,0.0,1,12,4.0,538,,,,6,6,19,17,10,16,6,11,27,7,1.0
14015395,43981,FK Radnički 1923,home,6,20,388,0.0,13,60,68,2.0,1.0,1.0,6,2,12,,11,45,,3.0,0.81,52,147,3.0,18,20,6,4.0,48,2.0,0,15,1.0,469,,,0.0,5,4,21,16,7,15,8,17,29,10,8.0
14015395,282203,FK Železničar Pančevo,away,2,26,245,2.0,12,40,66,4.0,3.0,1.0,10,5,6,,16,55,,0.0,1.86,44,54,5.0,20,17,7,3.0,62,2.0,1,7,1.0,323,,,1.0,4,5,13,29,10,19,9,28,38,16,6.0
14015396,7674,FK Napredak Kruševac,home,11,23,232,,21,42,44,2.0,2.0,0.0,6,8,8,1.0,3,46,,0.0,1.29,40,64,3.0,13,11,9,3.0,26,0.0,0,8,1.0,306,,,,7,2,13,41,10,15,5,12,26,7,3.0
14015396,25736,FK Novi Pazar,away,7,21,356,,16,58,46,4.0,3.0,1.0,13,9,9,0.0,11,54,,1.0,2.3,58,112,4.0,11,13,9,0.0,39,1.0,2,11,1.0,431,,,,7,5,15,26,12,25,13,15,27,7,1.0
14015397,308176,FK IMT Beograd,home,5,17,292,,19,53,43,3.0,2.0,1.0,10,6,10,,9,50,,0.0,2.61,55,67,4.0,10,20,6,2.0,38,,2,7,2.0,378,,0.0,,11,5,19,13,13,26,13,11,23,7,2.0
14015397,5148,FK Čukarički,away,2,26,270,,24,47,41,3.0,1.0,2.0,1,0,5,,7,50,,1.0,1.73,52,63,3.0,20,9,14,4.0,32,,0,7,4.0,343,,1.0,,6,5,20,32,7,12,5,15,17,3,4.0
14015398,25737,FK Radnički Niš,home,9,28,426,1.0,15,65,44,4.0,2.0,2.0,6,11,5,0.0,6,48,,,1.54,84,121,2.0,14,11,8,0.0,29,,1,8,0.0,496,,0.0,0.0,8,6,15,22,10,20,10,12,31,8,1.0
14015398,7771,FK Mladost Lučani,away,5,28,189,0.0,19,35,39,1.0,0.0,1.0,2,5,4,2.0,7,52,,,0.68,47,47,1.0,11,14,14,3.0,29,,0,12,2.0,264,,3.0,1.0,5,1,26,34,6,8,2,8,18,5,4.0
14015399,111127,FK Radnik Surdulica,home,6,27,225,,13,49,33,1.0,1.0,,4,8,11,0.0,5,45,,,1.22,74,90,2.0,19,20,5,1.0,40,,0,11,2.0,317,,,,12,10,26,24,15,26,11,17,39,14,2.0
14015399,263360,FK TSC Bačka Topola,away,1,20,231,,22,51,39,0.0,0.0,,0,1,10,3.0,12,55,,,0.23,47,34,5.0,20,19,18,10.0,44,,0,6,1.0,343,,,,1,1,24,35,2,2,0,15,7,6,2.0
14015400,36967,FK Spartak Subotica,home,0,13,237,,16,40,49,0.0,0.0,0.0,2,0,9,,5,48,1.0,0.0,1.1,52,36,4.0,16,17,9,5.0,38,2.0,0,11,0.0,319,,2.0,,3,5,20,23,3,10,7,16,8,14,3.0
14015400,5150,FK Vojvodina,away,6,25,381,,18,60,57,4.0,2.0,2.0,4,8,8,,8,52,0.0,1.0,1.98,54,79,1.0,17,15,4,4.0,40,0.0,1,12,2.0,458,,0.0,,5,8,24,12,10,17,7,20,25,17,4.0
14015401,5149,FK Crvena zvezda,home,8,17,399,1.0,12,58,50,10.0,6.0,4.0,2,9,9,0.0,7,56,0.0,,3.8,38,106,1.0,9,7,8,1.0,31,0.0,0,15,3.0,457,,,,6,15,12,8,20,23,3,16,48,12,
14015401,5153,OFK Beograd,away,2,15,260,1.0,5,42,40,0.0,0.0,0.0,1,0,5,1.0,2,44,1.0,,0.21,35,42,0.0,8,9,8,6.0,29,1.0,0,4,3.0,332,,,,2,2,19,26,3,5,2,19,9,12,
14015402,5153,OFK Beograd,home,4,13,337,,14,60,44,0.0,0.0,,1,3,10,,9,46,,,0.99,51,63,6.0,21,21,6,3.0,42,,0,5,3.0,407,,,,4,2,16,36,4,7,3,14,16,9,4.0
14015402,5144,FK Javor Ivanjica,away,6,22,190,,20,40,40,2.0,2.0,,3,6,3,,8,54,,,1.34,45,40,4.0,21,21,6,2.0,46,,0,5,0.0,261,,,,8,3,21,25,10,14,4,18,14,9,3.0
14015404,263360,FK TSC Bačka Topola,home,10,30,350,1.0,10,58,55,5.0,4.0,1.0,9,6,10,0.0,8,50,,,2.53,73,86,3.0,19,19,7,2.0,52,0.0,0,12,,432,,1.0,,3,7,13,16,12,19,7,25,21,20,5.0
14015404,36967,FK Spartak Subotica,away,3,17,227,0.0,13,42,57,1.0,1.0,0.0,5,5,11,1.0,13,50,,,0.36,51,65,4.0,19,19,9,5.0,48,1.0,0,13,,316,,1.0,,7,2,19,22,6,14,8,17,25,12,3.0
14015405,7771,FK Mladost Lučani,home,3,32,197,0.0,19,38,57,1.0,1.0,,2,1,7,1.0,8,50,,,0.85,49,38,7.0,12,21,11,4.0,45,1.0,1,9,0.0,284,,,,4,1,17,29,5,7,2,17,11,10,3.0
14015405,111127,FK Radnik Surdulica,away,3,21,384,2.0,22,62,48,1.0,1.0,,3,5,6,0.0,8,50,,,1.57,74,138,2.0,21,12,9,0.0,42,1.0,2,15,1.0,464,,,,8,5,24,27,8,16,8,22,24,15,4.0
14015407,5148,FK Čukarički,home,3,22,95,,17,26,41,1.0,1.0,0.0,3,3,9,1.0,3,51,,,0.81,59,29,6.0,9,24,9,7.0,37,3.0,1,6,1.0,177,,0.0,1.0,3,1,15,35,6,7,1,11,13,7,4.0
14015407,25737,FK Radnički Niš,away,9,20,425,,26,74,44,3.0,2.0,1.0,12,4,7,0.0,6,49,,,2.44,75,199,3.0,24,9,6,0.0,26,0.0,2,5,2.0,488,,1.0,0.0,5,9,24,21,15,26,11,12,32,8,1.0
14015408,25736,FK Novi Pazar,home,11,28,459,,16,65,52,5.0,4.0,1.0,7,10,9,1.0,5,48,,0.0,1.5,69,103,1.0,17,8,8,4.0,32,1.0,1,6,1.0,525,1.0,1.0,,6,3,22,29,11,16,5,20,25,10,3.0
14015408,308176,FK IMT Beograd,away,3,29,212,,10,35,43,5.0,3.0,2.0,5,3,6,0.0,6,52,,1.0,2.27,46,48,3.0,8,16,12,2.0,43,0.0,0,10,2.0,290,0.0,0.0,,5,6,21,32,9,16,7,22,21,12,2.0
14015409,282203,FK Železničar Pančevo,home,3,31,522,1.0,17,61,51,,,,2,5,9,,12,51,,0.0,0.65,67,74,4.0,10,14,6,2.0,42,1.0,0,12,1.0,602,,,,6,4,17,13,6,12,6,17,13,11,1.0
14015409,7674,FK Napredak Kruševac,away,4,33,294,0.0,19,39,48,,,,1,3,8,,9,49,,1.0,0.26,39,46,1.0,14,10,7,4.0,37,1.0,0,13,1.0,375,,,,3,2,20,26,4,6,2,18,11,12,1.0
14015410,5152,FK Partizan,home,6,32,500,,12,68,48,4.0,3.0,1.0,7,6,7,0.0,14,57,,,2.82,98,127,5.0,9,13,10,0.0,47,1.0,0,5,1.0,594,,1.0,,6,12,22,14,17,25,8,21,40,16,0.0
14015410,43981,FK Radnički 1923,away,1,17,206,,5,32,56,0.0,0.0,0.0,2,2,11,3.0,10,43,,,0.16,27,48,1.0,13,9,8,10.0,40,0.0,0,10,1.0,275,,0.0,,3,1,21,33,4,6,2,21,14,12,5.0
14015411,5144,FK Javor Ivanjica,home,2,14,108,0.0,10,26,39,1.0,0.0,1.0,1,1,3,2.0,4,49,,1.0,0.59,45,28,0.0,14,10,16,6.0,39,0.0,0,15,0.0,184,,1.0,,3,3,10,39,6,7,1,25,11,18,4.0
14015411,43981,FK Radnički 1923,away,7,21,460,1.0,22,74,48,5.0,3.0,2.0,8,7,16,0.0,8,51,,0.0,2.56,77,179,5.0,10,13,6,1.0,28,1.0,1,3,1.0,524,,0.0,,14,8,23,18,17,30,13,7,38,5,5.0
14015412,7674,FK Napredak Kruševac,home,9,28,275,0.0,12,43,55,2.0,0.0,2.0,10,4,6,1.0,9,49,0.0,1.0,1.46,55,103,1.0,13,12,7,2.0,31,2.0,0,13,,343,,,,7,6,17,29,14,23,9,10,30,4,0.0
14015412,5152,FK Partizan,away,1,30,407,4.0,9,57,55,5.0,3.0,2.0,1,4,3,1.0,5,51,1.0,3.0,2.22,55,89,1.0,12,13,8,4.0,35,1.0,1,10,,485,,,,5,9,10,25,13,15,2,17,33,13,1.0
14015413,308176,FK IMT Beograd,home,2,19,306,,12,54,40,2.0,1.0,1.0,0,5,5,,13,53,,,1.22,50,64,3.0,15,9,9,1.0,48,0.0,0,9,1.0,387,,,,3,4,29,10,5,7,2,27,15,21,4.0
14015413,282203,FK Železničar Pančevo,away,2,27,284,,12,46,49,5.0,1.0,4.0,4,3,18,,8,47,,,2.84,41,46,4.0,10,13,8,2.0,41,1.0,0,11,3.0,349,,,,5,6,26,24,11,15,4,18,27,12,1.0
14015414,25737,FK Radnički Niš,home,5,19,285,0.0,28,62,40,2.0,1.0,1.0,8,4,10,2.0,9,52,,,1.83,82,103,3.0,13,13,8,5.0,32,,0,8,2.0,372,,,,7,3,39,24,12,18,6,11,34,9,2.0
14015414,25736,FK Novi Pazar,away,4,12,143,1.0,18,38,40,3.0,1.0,2.0,3,4,5,0.0,5,48,,,1.62,39,40,1.0,14,13,11,1.0,37,,0,20,1.0,227,,,,7,8,21,33,11,18,7,20,21,13,3.0
14015415,111127,FK Radnik Surdulica,home,5,26,183,,21,40,50,5.0,3.0,2.0,4,4,5,0.0,3,54,0.0,0.0,2.31,38,61,3.0,22,13,8,0.0,38,2.0,0,4,2.0,245,,1.0,,6,8,18,38,15,18,3,22,26,13,1.0
14015415,5148,FK Čukarički,away,5,56,306,,14,60,38,1.0,1.0,0.0,3,2,10,1.0,6,46,1.0,1.0,1.16,80,78,8.0,13,22,10,5.0,36,0.0,0,5,2.0,379,,0.0,,5,1,31,24,6,9,3,11,26,7,3.0
14015416,36967,FK Spartak Subotica,home,4,16,488,,15,60,60,2.0,1.0,1.0,4,1,9,,5,55,,0.0,1.04,44,100,1.0,14,12,5,4.0,38,,0,8,1.0,574,,,0.0,2,4,20,19,5,10,5,23,15,17,4.0
14015416,7771,FK Mladost Lučani,away,5,18,289,,16,40,52,1.0,1.0,0.0,3,4,12,,1,45,,1.0,0.88,57,73,2.0,12,14,6,3.0,28,,0,11,0.0,369,,,1.0,2,4,21,14,5,9,4,15,22,8,2.0
14015417,5149,FK Crvena zvezda,home,9,27,303,1.0,18,53,40,3.0,3.0,,6,6,9,0.0,8,51,,1.0,3.1,54,75,3.0,10,15,10,2.0,36,,0,5,3.0,371,,1.0,,10,11,26,19,18,27,9,15,50,13,0.0
14015417,263360,FK TSC Bačka Topola,away,4,27,243,0.0,14,47,47,3.0,3.0,,6,6,9,1.0,1,49,,1.0,1.11,38,42,0.0,15,10,13,10.0,37,,0,7,0.0,332,,0.0,,6,2,12,20,8,14,6,26,19,17,1.0
14015418,5153,OFK Beograd,home,3,24,278,1.0,16,49,52,0.0,0.0,0.0,4,4,9,2.0,8,53,,,0.86,62,67,2.0,10,16,11,4.0,41,,0,11,2.0,348,,1.0,1.0,4,5,22,29,8,13,5,18,21,10,5.0
14015418,5150,FK Vojvodina,away,2,26,289,2.0,8,51,54,3.0,2.0,1.0,5,4,11,1.0,5,47,,,1.93,50,76,1.0,16,9,8,4.0,43,,0,6,2.0,365,,1.0,0.0,8,6,19,34,9,19,10,28,24,19,7.0
14015420,5150,FK Vojvodina,home,7,21,439,1.0,18,65,60,1.0,0.0,1.0,8,7,8,,7,54,,1.0,1.78,95,122,2.0,11,7,4,5.0,31,0.0,0,9,0.0,514,,0.0,,7,6,18,17,11,21,10,18,26,10,1.0
14015420,5144,FK Javor Ivanjica,away,2,14,213,2.0,8,35,48,2.0,2.0,0.0,2,4,11,,7,46,,1.0,0.81,45,26,1.0,7,11,17,4.0,34,1.0,0,6,2.0,289,,2.0,,2,6,17,52,8,10,2,17,19,9,2.0
14015421,263360,FK TSC Bačka Topola,home,2,20,344,0.0,10,58,40,2.0,1.0,1.0,3,1,11,1.0,10,53,,,1.18,51,82,4.0,8,15,12,3.0,41,0.0,1,7,3.0,408,,1.0,,4,7,23,18,6,14,8,16,23,12,1.0
14015421,5153,OFK Beograd,away,3,29,230,3.0,9,42,51,8.0,6.0,2.0,1,3,6,0.0,11,47,,,2.35,33,45,1.0,15,8,5,6.0,37,3.0,0,10,3.0,292,,1.0,,9,6,15,31,13,16,3,19,23,10,3.0
14015422,7771,FK Mladost Lučani,home,0,16,117,0.0,11,25,40,0.0,,0.0,2,3,8,3.0,1,42,,1.0,0.35,37,36,1.0,12,6,9,7.0,22,2.0,0,8,1.0,179,,1.0,,4,4,15,36,4,10,6,15,10,10,2.0
14015422,5149,FK Crvena zvezda,away,5,35,486,1.0,10,75,45,2.0,,2.0,11,10,7,0.0,8,58,,0.0,4.44,61,144,5.0,6,11,4,3.0,35,0.0,0,6,3.0,554,,0.0,,8,11,18,23,18,30,12,17,41,14,0.0
14015423,5148,FK Čukarički,home,2,37,251,0.0,25,45,65,3.0,1.0,2.0,1,6,10,1.0,12,53,,,1.0,79,66,1.0,17,10,10,1.0,46,,0,11,1.0,352,,0.0,,4,7,21,31,5,12,7,25,10,17,1.0
14015423,36967,FK Spartak Subotica,away,4,34,325,1.0,25,55,61,1.0,0.0,1.0,3,3,11,0.0,7,47,,,0.62,75,95,1.0,10,17,10,5.0,38,,0,8,2.0,426,,1.0,,5,2,21,25,6,10,4,17,24,12,1.0
14015424,25736,FK Novi Pazar,home,7,17,191,,19,43,47,3.0,1.0,2.0,5,6,12,,6,53,,,1.88,59,68,10.0,15,22,7,2.0,42,,0,11,2.0,257,,1.0,,7,5,16,39,9,17,8,14,25,9,2.0
14015424,111127,FK Radnik Surdulica,away,6,28,246,,14,57,41,2.0,2.0,0.0,1,10,7,,2,47,,,0.91,48,55,4.0,22,15,12,3.0,40,,0,3,1.0,332,,1.0,,3,3,25,22,6,7,1,23,19,13,3.0
14015425,282203,FK Železničar Pančevo,home,6,33,421,,10,55,43,3.0,2.0,1.0,7,6,1,0.0,8,49,,,2.3,49,71,4.0,17,18,4,6.0,33,1.0,2,5,2.0,477,,3.0,,6,5,14,23,10,18,8,11,36,4,1.0
14015425,25737,FK Radnički Niš,away,2,19,341,,7,45,43,1.0,1.0,0.0,5,3,7,1.0,13,51,,,0.84,38,105,1.0,18,17,8,2.0,37,0.0,0,8,2.0,387,,0.0,,4,6,10,28,7,15,8,7,21,5,3.0
14015426,5152,FK Partizan,home,3,26,385,2.0,6,54,47,5.0,3.0,2.0,7,4,3,0.0,9,48,,,1.51,56,81,1.0,11,19,6,4.0,42,0.0,1,7,,453,,,,2,7,16,17,12,16,4,14,28,5,1.0
14015426,308176,FK IMT Beograd,away,1,19,316,0.0,8,46,39,2.0,1.0,1.0,3,3,6,1.0,11,52,,,1.56,40,77,2.0,19,11,5,2.0,43,1.0,0,9,,373,,,,2,5,12,24,7,10,3,22,19,13,6.0
14015427,43981,FK Radnički 1923,home,16,27,431,2.0,26,71,63,4.0,4.0,,10,9,5,,7,52,,,2.23,83,199,2.0,12,14,4,0.0,33,,1,7,3.0,502,,0.0,0.0,18,5,21,6,21,33,12,15,55,8,0.0
14015427,7674,FK Napredak Kruševac,away,2,15,131,0.0,20,29,42,0.0,0.0,,1,2,4,,6,48,,,0.3,33,26,0.0,14,12,22,5.0,35,,0,11,0.0,212,,1.0,1.0,1,0,8,46,2,2,0,18,6,12,4.0
14015429,5144,FK Javor Ivanjica,home,4,21,214,,14,38,35,1.0,1.0,,5,4,11,1.0,6,47,,,1.34,40,62,3.0,14,12,7,4.0,42,2.0,0,11,1.0,265,,1.0,,5,3,23,44,8,13,5,24,24,9,1.0
14015429,7674,FK Napredak Kruševac,away,5,30,367,,22,62,46,1.0,1.0,,4,4,12,1.0,5,53,,,1.61,52,100,5.0,12,14,8,3.0,40,1.0,0,6,2.0,445,,2.0,,5,4,21,18,9,13,4,23,30,14,1.0
14015430,308176,FK IMT Beograd,home,2,20,206,,10,36,51,3.0,1.0,2.0,1,0,3,3.0,3,52,0.0,,1.08,31,35,1.0,14,9,14,10.0,41,,0,8,3.0,293,,,,2,2,13,49,5,5,0,30,15,21,2.0
14015430,43981,FK Radnički 1923,away,9,18,428,,18,64,63,1.0,1.0,0.0,13,12,17,0.0,6,48,1.0,,1.67,81,153,7.0,10,14,3,0.0,29,,1,12,1.0,497,,,,9,10,29,9,15,32,17,11,37,6,2.0
14015431,25737,FK Radnički Niš,home,4,20,232,,13,40,51,0.0,0.0,0.0,1,5,6,4.0,3,38,,,0.83,67,78,1.0,16,5,6,8.0,21,2.0,0,5,0.0,311,,,,9,3,15,32,8,13,5,13,24,9,6.0
14015431,5152,FK Partizan,away,8,27,378,,20,60,44,4.0,2.0,2.0,6,9,5,1.0,8,62,,,1.95,52,71,2.0,5,16,9,1.0,35,0.0,0,5,2.0,469,,,,2,10,28,19,10,18,8,11,29,4,1.0
14015432,111127,FK Radnik Surdulica,home,6,38,283,1.0,19,45,45,1.0,1.0,0.0,3,5,9,,6,47,,2.0,1.21,61,81,1.0,9,12,12,3.0,40,0.0,0,10,1.0,364,,3.0,,10,3,20,24,10,16,6,24,31,15,2.0
14015432,282203,FK Železničar Pančevo,away,5,34,386,1.0,26,55,54,5.0,3.0,2.0,1,9,9,,9,53,,0.0,1.63,55,68,1.0,12,9,9,2.0,41,1.0,0,3,0.0,457,,0.0,,3,5,16,31,7,9,2,23,18,15,3.0
14015433,36967,FK Spartak Subotica,home,6,23,403,1.0,24,63,55,1.0,1.0,0.0,3,7,18,,10,51,,,2.16,64,79,3.0,12,13,9,1.0,39,0.0,1,12,0.0,522,0.0,2.0,,5,6,25,20,9,14,5,16,30,10,3.0
14015433,25736,FK Novi Pazar,away,1,21,198,0.0,20,37,61,4.0,3.0,1.0,3,0,14,,7,49,,,1.57,66,53,3.0,14,11,12,5.0,40,1.0,0,16,4.0,313,1.0,1.0,,5,2,26,26,9,10,1,23,20,15,3.0
14015435,5153,OFK Beograd,home,4,24,267,2.0,8,42,45,1.0,,1.0,2,6,4,2.0,5,41,,,0.99,73,92,1.0,14,11,10,5.0,22,1.0,0,9,1.0,350,,2.0,1.0,3,1,18,37,4,6,2,7,14,5,1.0
14015435,7771,FK Mladost Lučani,away,7,23,395,0.0,18,58,44,0.0,,0.0,4,6,3,0.0,5,59,,,1.06,76,154,1.0,11,14,4,0.0,26,0.0,1,10,0.0,467,,0.0,0.0,8,6,20,23,12,18,6,9,32,7,2.0
14015436,5150,FK Vojvodina,home,5,20,281,,9,41,52,2.0,,2.0,0,4,7,1.0,9,47,,,1.23,64,76,1.0,17,11,5,1.0,39,,1,12,2.0,356,,0.0,,6,2,21,23,5,8,3,19,18,14,0.0
14015436,263360,FK TSC Bačka Topola,away,2,23,431,,12,59,43,0.0,,0.0,3,3,10,0.0,10,53,,,0.53,86,92,0.0,11,17,7,0.0,43,,0,9,2.0,524,,1.0,,3,1,28,17,5,7,2,16,18,10,2.0
14015437,263360,FK TSC Bačka Topola,home,0,27,456,1.0,8,65,48,1.0,0.0,1.0,3,5,10,2.0,10,45,,1.0,0.89,67,93,3.0,19,9,8,3.0,30,1.0,0,8,2.0,540,,1.0,,3,2,20,20,3,8,5,11,8,8,2.0
14015437,5144,FK Javor Ivanjica,away,6,25,200,0.0,12,35,51,2.0,1.0,1.0,3,8,3,0.0,3,55,,0.0,2.03,47,40,1.0,9,19,7,0.0,35,0.0,0,15,4.0,279,,1.0,,6,5,12,20,11,14,3,13,28,6,2.0
14015439,7771,FK Mladost Lučani,home,3,24,234,,21,35,33,1.0,1.0,,2,5,4,,1,54,,1.0,1.02,53,30,0.0,8,12,21,3.0,20,0.0,1,12,1.0,321,,1.0,,3,0,18,41,4,5,1,8,15,4,0.0
14015439,5150,FK Vojvodina,away,10,40,492,,14,65,46,3.0,3.0,,2,7,4,,6,46,,0.0,1.84,93,140,1.0,12,8,7,0.0,21,1.0,0,6,1.0,566,,0.0,,14,3,16,22,12,19,7,7,31,5,1.0
14015440,5148,FK Čukarički,home,8,28,348,0.0,14,51,57,3.0,3.0,0.0,1,1,12,,4,39,0.0,1.0,1.64,63,108,3.0,15,7,4,4.0,22,2.0,0,6,1.0,416,,,1.0,14,3,21,23,13,18,5,11,22,8,1.0
14015440,5153,OFK Beograd,away,3,29,326,2.0,11,49,54,4.0,2.0,2.0,1,8,7,,10,61,1.0,0.0,1.78,49,63,2.0,7,15,11,2.0,45,0.0,1,10,4.0,399,,,0.0,2,7,12,26,6,10,4,20,23,14,2.0
14015441,25736,FK Novi Pazar,home,5,17,244,0.0,8,41,48,1.0,1.0,0.0,3,4,8,,4,49,1.0,,0.46,42,61,1.0,11,7,8,6.0,29,,0,6,1.0,320,,1.0,,5,2,22,19,8,10,2,18,22,12,3.0
14015441,5149,FK Crvena zvezda,away,5,27,403,2.0,7,59,53,4.0,1.0,3.0,3,7,9,,8,51,0.0,,2.13,43,78,2.0,7,11,5,1.0,32,,1,10,1.0,467,,1.0,,7,11,10,25,13,21,8,14,37,10,1.0
14015442,282203,FK Železničar Pančevo,home,3,19,333,,20,52,43,4.0,3.0,1.0,1,6,5,,4,62,,1.0,1.39,53,60,7.0,13,20,12,3.0,46,2.0,0,10,1.0,414,,1.0,,6,3,21,26,4,10,6,21,17,15,2.0
14015442,36967,FK Spartak Subotica,away,3,18,295,,13,48,46,2.0,1.0,1.0,2,7,9,,4,38,,0.0,0.54,53,91,3.0,21,13,9,2.0,27,0.0,0,8,2.0,369,,1.0,,7,4,18,29,7,13,6,10,17,6,4.0
14015443,5152,FK Partizan,home,5,19,416,2.0,17,65,48,3.0,2.0,1.0,5,9,3,,7,53,,0.0,3.31,62,100,5.0,14,11,7,1.0,23,1.0,0,7,0.0,492,,1.0,,3,10,22,12,14,18,4,6,31,3,0.0
14015443,111127,FK Radnik Surdulica,away,2,26,192,0.0,11,35,43,0.0,0.0,0.0,2,2,2,,3,47,,2.0,0.34,41,42,5.0,12,14,11,7.0,24,0.0,0,5,1.0,256,,1.0,,5,1,18,25,1,8,7,8,7,5,3.0
14015444,43981,FK Radnički 1923,home,6,20,246,1.0,16,51,53,2.0,1.0,1.0,7,10,10,0.0,7,50,,1.0,1.6,62,79,6.0,15,19,7,3.0,40,1.0,0,4,2.0,322,,,1.0,4,7,15,16,8,18,10,14,20,10,1.0
14015444,25737,FK Radnički Niš,away,4,20,235,0.0,14,49,47,2.0,2.0,0.0,3,4,8,3.0,6,50,,0.0,1.31,51,52,3.0,20,15,8,6.0,43,0.0,1,5,0.0,312,,,0.0,6,3,21,25,6,12,6,23,11,8,6.0
14015446,7674,FK Napredak Kruševac,home,8,34,344,2.0,21,54,53,2.0,,2.0,4,7,6,0.0,4,47,1.0,1.0,1.72,63,91,2.0,17,13,5,1.0,31,0.0,0,11,1.0,432,,0.0,0.0,9,5,16,21,15,18,3,14,30,10,3.0
14015446,308176,FK IMT Beograd,away,2,23,291,1.0,17,46,39,1.0,,1.0,1,2,4,1.0,6,53,0.0,0.0,0.54,52,85,3.0,13,17,13,3.0,41,1.0,0,10,1.0,378,,1.0,1.0,4,2,25,27,4,7,3,18,13,12,2.0
14015447,5144,FK Javor Ivanjica,home,6,28,284,,30,45,47,1.0,,1.0,1,3,12,,5,51,,,1.7,54,73,2.0,13,12,11,1.0,31,1.0,0,18,1.0,358,,,,5,5,20,26,6,11,5,16,15,11,5.0
14015447,308176,FK IMT Beograd,away,6,23,359,,21,55,47,0.0,,0.0,6,6,9,,5,49,,,0.66,47,65,4.0,12,13,8,3.0,37,0.0,0,5,0.0,433,,,,4,1,19,41,3,11,8,19,22,10,3.0
14015449,25737,FK Radnički Niš,home,4,25,285,,14,53,34,1.0,1.0,,0,3,5,,3,45,,,1.12,51,59,1.0,21,13,15,1.0,27,,0,5,0.0,375,,,,2,6,18,24,8,8,0,12,19,9,4.0
14015449,7674,FK Napredak Kruševac,away,6,33,244,,15,47,35,1.0,1.0,,4,8,8,,5,55,,,0.92,67,68,4.0,13,21,4,2.0,36,,0,9,2.0,322,,,,9,1,25,22,8,14,6,11,23,5,2.0
14015450,111127,FK Radnik Surdulica,home,4,30,160,,19,37,50,3.0,2.0,1.0,6,2,5,1.0,6,53,,1.0,1.47,58,44,1.0,14,15,11,8.0,43,2.0,0,4,1.0,238,,2.0,1.0,4,4,22,39,11,14,3,23,24,19,2.0
14015450,43981,FK Radnički 1923,away,9,18,329,,13,63,51,6.0,4.0,2.0,4,9,8,0.0,15,47,,0.0,3.55,59,103,2.0,15,14,11,1.0,41,2.0,1,5,1.0,395,,1.0,1.0,7,11,19,14,14,22,8,12,32,5,7.0
14015451,36967,FK Spartak Subotica,home,8,28,269,4.0,11,44,56,5.0,3.0,2.0,4,7,13,,4,57,,,2.01,48,67,3.0,6,16,9,2.0,40,,0,11,3.0,350,,0.0,,5,6,11,18,10,15,5,19,30,14,1.0
14015451,5152,FK Partizan,away,6,21,372,1.0,8,56,60,4.0,2.0,2.0,3,5,9,,6,43,,,3.4,63,99,1.0,17,6,6,4.0,31,,0,9,2.0,450,,1.0,,7,7,11,17,13,17,4,19,35,13,1.0
14015452,5149,FK Crvena zvezda,home,8,15,490,4.0,5,63,56,5.0,1.0,4.0,5,9,3,,10,57,0.0,,3.76,52,109,2.0,9,7,6,3.0,34,0.0,0,5,3.0,552,,,,2,13,7,8,14,20,6,16,43,13,2.0
14015452,282203,FK Železničar Pančevo,away,0,13,288,0.0,4,37,41,1.0,1.0,0.0,3,1,5,,6,43,1.0,,0.4,20,30,0.0,8,9,4,5.0,25,1.0,0,5,1.0,343,,,,1,4,12,31,2,8,6,10,6,6,0.0
14015453,5153,OFK Beograd,home,8,18,270,,13,55,33,1.0,1.0,0.0,7,4,6,,7,49,,1.0,0.88,59,82,1.0,13,15,12,3.0,32,1.0,1,7,1.0,356,,,,3,1,34,23,6,11,5,11,16,9,1.0
14015453,25736,FK Novi Pazar,away,6,24,204,,17,45,42,3.0,2.0,1.0,5,4,5,,7,51,,0.0,2.75,53,74,1.0,15,12,8,1.0,30,0.0,4,13,1.0,289,,,,10,6,29,31,14,21,7,12,30,5,1.0
14015455,5150,FK Vojvodina,home,8,23,332,1.0,18,56,58,5.0,4.0,1.0,5,9,4,0.0,10,51,0.0,1.0,1.74,56,85,2.0,11,8,7,0.0,30,,0,6,2.0,423,,,,3,9,25,20,12,17,5,12,21,6,2.0
14015455,5148,FK Čukarički,away,3,22,248,0.0,16,44,51,3.0,2.0,1.0,4,1,4,1.0,6,49,1.0,0.0,1.8,53,44,3.0,8,10,8,6.0,30,,0,9,2.0,342,,,,4,1,17,30,5,9,4,14,19,7,0.0
14015456,263360,FK TSC Bačka Topola,home,5,13,478,,6,67,47,3.0,2.0,1.0,4,9,9,1.0,13,41,,,0.89,75,160,1.0,13,9,6,3.0,33,1.0,1,8,1.0,549,,0.0,,7,7,21,13,6,18,12,11,19,6,4.0
14015456,7771,FK Mladost Lučani,away,1,23,203,,23,33,43,1.0,1.0,0.0,1,2,7,1.0,8,59,,,0.79,42,51,1.0,9,13,10,6.0,33,0.0,0,11,2.0,274,,2.0,,4,3,16,33,5,8,3,12,13,8,1.0
14015457,7771,FK Mladost Lučani,home,7,21,282,,16,46,54,2.0,1.0,1.0,3,6,7,,2,43,,0.0,1.24,64,59,2.0,14,9,5,4.0,30,1.0,0,5,2.0,370,,,,7,6,17,30,9,16,7,19,20,14,2.0
14015457,5144,FK Javor Ivanjica,away,7,38,371,,23,54,43,1.0,1.0,0.0,5,3,11,,13,57,,1.0,0.89,78,76,3.0,9,14,11,4.0,38,0.0,0,10,0.0,443,,,,3,5,23,28,7,13,6,11,18,6,2.0
14015458,5148,FK Čukarički,home,9,31,206,,22,35,46,4.0,1.0,3.0,4,4,2,0.0,5,57,,0.0,2.48,71,67,2.0,20,10,8,0.0,32,0.0,0,5,3.0,292,,,0.0,5,8,15,33,14,17,3,16,30,9,2.0
14015458,263360,FK TSC Bačka Topola,away,5,25,463,,7,65,41,1.0,0.0,1.0,4,3,6,1.0,2,43,,1.0,1.18,62,85,4.0,11,20,12,4.0,33,1.0,0,4,4.0,554,,,1.0,4,3,19,22,8,11,3,12,20,10,5.0
14015459,25736,FK Novi Pazar,home,4,19,167,,21,39,37,2.0,1.0,1.0,2,2,4,0.0,2,54,,,1.55,55,46,4.0,11,15,9,4.0,32,1.0,0,18,4.0,241,,3.0,0.0,3,5,10,37,10,10,0,16,14,11,3.0
14015459,5150,FK Vojvodina,away,3,13,283,,15,61,39,0.0,0.0,0.0,4,4,8,1.0,8,46,,,0.5,66,90,3.0,15,11,4,4.0,31,1.0,0,5,0.0,370,,0.0,1.0,2,4,39,15,6,10,4,12,15,8,5.0
14015460,282203,FK Železničar Pančevo,home,5,24,374,1.0,14,62,39,5.0,4.0,1.0,4,7,6,2.0,6,46,,,2.47,51,78,4.0,18,10,3,3.0,32,3.0,1,8,2.0,431,0.0,0.0,,10,5,20,14,15,19,4,15,36,9,2.0
14015460,5153,OFK Beograd,away,2,23,201,0.0,11,38,42,3.0,1.0,2.0,1,4,7,1.0,14,54,,,1.59,39,55,3.0,11,17,12,4.0,44,1.0,0,7,3.0,267,1.0,1.0,,2,6,15,37,8,9,1,12,22,5,3.0
14015461,5152,FK Partizan,home,5,22,395,,14,51,48,2.0,1.0,1.0,7,5,5,1.0,9,55,,1.0,2.53,67,108,,8,13,8,4.0,29,0.0,0,4,2.0,462,,1.0,,4,5,19,20,10,16,6,9,29,6,2.0
14015461,5149,FK Crvena zvezda,away,5,27,378,,11,49,56,5.0,3.0,2.0,1,4,8,1.0,5,45,,0.0,2.46,55,75,,13,8,7,4.0,24,2.0,1,9,0.0,456,,1.0,,5,7,20,28,8,13,5,11,26,6,1.0
14015462,43981,FK Radnički 1923,home,6,24,299,0.0,11,50,62,7.0,5.0,2.0,1,6,8,,9,57,,0.0,3.54,47,77,5.0,10,12,8,1.0,43,0.0,0,10,1.0,368,,0.0,,8,8,15,18,13,17,4,21,43,16,2.0
14015462,36967,FK Spartak Subotica,away,0,28,316,1.0,10,50,51,0.0,0.0,0.0,0,4,11,,9,43,,2.0,0.32,51,56,0.0,13,10,10,5.0,31,1.0,0,10,1.0,384,,1.0,,3,1,24,19,2,4,2,13,17,8,1.0
14015464,7674,FK Napredak Kruševac,home,7,30,315,,23,54,45,1.0,1.0,0.0,5,4,11,0.0,14,63,1.0,,0.91,64,88,8.0,13,24,7,3.0,56,0.0,0,11,3.0,386,,0.0,,9,4,31,14,11,18,7,19,34,16,4.0
14015464,111127,FK Radnik Surdulica,away,3,23,238,,9,46,52,5.0,2.0,3.0,4,2,8,4.0,4,37,0.0,,1.49,47,63,1.0,24,12,9,4.0,37,1.0,0,11,2.0,340,,1.0,,1,6,26,30,7,11,4,21,14,13,2.0
14015465,308176,FK IMT Beograd,home,2,32,268,,17,45,44,1.0,,1.0,4,3,5,1.0,8,51,,,0.87,53,57,0.0,15,17,7,2.0,40,1.0,0,12,2.0,350,,0.0,1.0,3,1,25,29,5,8,3,16,13,8,1.0
14015465,25737,FK Radnički Niš,away,7,9,366,,20,55,43,0.0,,0.0,6,3,9,0.0,5,49,,,0.33,60,107,3.0,17,15,5,0.0,35,0.0,0,8,0.0,432,,1.0,0.0,5,2,21,17,7,13,6,16,32,13,3.0
14015466,5144,FK Javor Ivanjica,home,5,23,223,2.0,15,39,48,4.0,3.0,1.0,1,4,10,1.0,5,50,,,2.8,41,63,0.0,16,14,10,2.0,39,1.0,0,8,1.0,299,,1.0,,5,8,27,36,13,14,1,20,23,12,2.0
14015466,25737,FK Radnički Niš,away,5,17,397,0.0,13,61,57,1.0,0.0,1.0,6,5,13,2.0,9,50,,,0.85,53,106,4.0,14,16,5,6.0,42,2.0,0,2,0.0,466,,0.0,,5,3,15,14,3,14,11,17,22,10,4.0
14015467,111127,FK Radnik Surdulica,home,5,25,214,,28,48,45,4.0,3.0,1.0,6,5,9,0.0,8,51,,,1.57,63,86,3.0,14,16,7,1.0,39,1.0,0,12,4.0,317,,3.0,0.0,5,5,32,36,11,16,5,15,21,9,1.0
14015467,308176,FK IMT Beograd,away,3,30,238,,20,52,42,1.0,1.0,0.0,4,4,7,1.0,13,49,,,0.39,50,41,3.0,16,14,7,3.0,45,0.0,0,11,1.0,338,,0.0,1.0,4,1,36,43,4,9,5,19,15,9,3.0
14015468,36967,FK Spartak Subotica,home,4,31,242,2.0,16,46,50,3.0,1.0,2.0,1,7,8,,6,38,,0.0,1.78,69,92,0.0,24,7,8,1.0,24,2.0,0,5,4.0,339,,3.0,1.0,6,4,18,32,9,11,2,13,24,9,5.0
14015468,7674,FK Napredak Kruševac,away,8,21,288,0.0,24,54,44,1.0,0.0,1.0,5,5,5,,6,62,,1.0,0.75,62,77,5.0,7,24,11,2.0,41,0.0,0,11,4.0,384,,1.0,0.0,8,2,24,22,12,15,3,15,26,9,1.0
14015470,5149,FK Crvena zvezda,home,10,30,444,1.0,6,62,55,8.0,7.0,1.0,5,7,10,,13,49,,1.0,3.68,71,113,2.0,11,9,5,6.0,35,,1,9,1.0,509,,0.0,1.0,13,5,21,22,18,23,5,14,37,9,1.0
14015470,43981,FK Radnički 1923,away,1,17,239,0.0,9,38,44,2.0,1.0,1.0,0,3,7,,7,51,,1.0,0.82,46,42,1.0,10,11,15,2.0,33,,0,6,1.0,313,,1.0,0.0,2,7,16,31,7,9,2,16,13,12,1.0
14015471,5153,OFK Beograd,home,0,22,233,1.0,8,36,51,1.0,1.0,0.0,3,2,2,3.0,6,54,,,0.82,32,54,1.0,12,11,7,10.0,34,0.0,0,9,2.0,292,,0.0,,3,4,11,30,3,10,7,18,8,11,0.0
14015471,5152,FK Partizan,away,4,21,477,1.0,7,64,47,3.0,2.0,1.0,8,6,11,1.0,9,46,,,2.58,64,130,1.0,11,12,5,4.0,29,2.0,0,10,0.0,538,,1.0,,4,12,16,19,16,24,8,8,46,4,2.0
14015472,5150,FK Vojvodina,home,5,26,381,,14,59,65,1.0,0.0,1.0,3,4,2,2.0,5,53,,1.0,1.91,71,94,1.0,13,17,3,5.0,35,,0,2,7.0,483,,0.0,,6,3,22,14,8,12,4,13,18,11,1.0
14015472,282203,FK Železničar Pančevo,away,1,24,257,,16,41,59,1.0,1.0,0.0,1,2,5,0.0,11,47,,0.0,1.13,43,36,3.0,17,13,14,2.0,27,,0,6,5.0,343,,1.0,,1,6,13,43,5,8,3,4,13,4,3.0
14015473,263360,FK TSC Bačka Topola,home,3,16,366,,11,53,46,3.0,2.0,1.0,2,1,11,,6,45,0.0,,0.77,61,72,1.0,17,14,12,3.0,34,0.0,1,7,0.0,452,,,,7,3,24,30,5,12,7,15,6,10,2.0
14015473,25736,FK Novi Pazar,away,7,20,301,,18,47,51,4.0,4.0,0.0,3,5,5,,7,55,1.0,,2.14,56,61,2.0,14,17,8,2.0,38,2.0,0,16,2.0,384,,,,9,3,20,9,10,15,5,14,25,10,1.0
14015474,7771,FK Mladost Lučani,home,2,27,171,,21,29,54,3.0,2.0,1.0,5,1,7,3.0,4,56,,,2.34,41,33,3.0,8,13,9,9.0,32,2.0,0,16,3.0,252,1.0,1.0,,3,4,12,45,9,12,3,15,17,9,2.0
14015474,5148,FK Čukarički,away,16,32,499,,19,71,55,6.0,5.0,1.0,5,11,11,0.0,3,44,,,3.83,73,135,3.0,14,7,6,3.0,22,1.0,0,5,1.0,585,0.0,0.0,,6,10,18,10,16,21,5,11,43,8,1.0
14015475,5148,FK Čukarički,home,4,16,386,,18,52,38,0.0,0.0,,5,8,5,1.0,3,42,,,0.85,53,69,2.0,14,15,7,3.0,26,1.0,0,16,0.0,469,1.0,,,1,3,12,30,5,9,4,11,16,8,2.0
14015475,5144,FK Javor Ivanjica,away,11,24,322,,30,48,40,2.0,2.0,,4,11,5,2.0,7,58,,,1.3,42,61,2.0,15,13,3,2.0,31,0.0,0,10,2.0,417,0.0,,,2,3,27,22,5,9,4,10,18,7,0.0
14015477,25736,FK Novi Pazar,home,13,33,362,,17,55,54,3.0,2.0,1.0,3,8,5,0.0,5,43,,,2.0,51,95,0.0,14,11,3,2.0,20,0.0,1,7,,444,1.0,1.0,,7,10,23,27,16,20,4,6,23,5,5.0
14015477,7771,FK Mladost Lučani,away,1,40,281,,23,45,48,3.0,3.0,0.0,2,1,2,1.0,5,57,,,1.9,60,45,1.0,11,13,11,9.0,27,1.0,0,8,,377,0.0,0.0,,3,3,22,34,7,8,1,8,13,6,1.0
14015478,282203,FK Železničar Pančevo,home,3,27,447,1.0,12,57,42,3.0,2.0,1.0,3,7,6,0.0,7,55,,,2.09,66,97,1.0,13,15,4,1.0,27,,0,4,0.0,509,,,,5,7,19,27,11,15,4,7,28,4,1.0
14015478,263360,FK TSC Bačka Topola,away,3,19,299,0.0,4,43,39,0.0,0.0,0.0,3,3,5,4.0,1,45,,,0.34,44,50,3.0,15,13,11,6.0,28,,1,3,1.0,382,,,,4,1,15,12,5,8,3,15,12,11,1.0
14015479,5152,FK Partizan,home,2,26,568,,8,70,54,4.0,3.0,1.0,7,6,10,,4,49,,1.0,1.68,89,158,6.0,6,13,2,3.0,29,1.0,0,6,,633,,0.0,0.0,3,6,18,12,7,16,9,12,39,9,3.0
14015479,5150,FK Vojvodina,away,3,15,188,,7,30,49,1.0,1.0,0.0,1,5,5,,7,51,,0.0,0.49,27,31,1.0,14,6,5,5.0,32,1.0,0,5,,264,,1.0,1.0,4,3,16,36,5,8,3,19,8,15,4.0
14015480,43981,FK Radnički 1923,home,9,15,403,2.0,13,67,53,0.0,0.0,0.0,6,9,10,0.0,8,47,,,1.6,71,137,2.0,13,15,6,4.0,41,0.0,2,5,1.0,480,,,,10,7,27,7,13,23,10,20,54,13,2.0
14015480,5153,OFK Beograd,away,1,26,189,0.0,15,33,47,3.0,2.0,1.0,3,0,14,3.0,8,53,,,1.99,47,43,2.0,15,13,13,7.0,46,1.0,1,11,0.0,256,,,,5,6,13,54,8,14,6,25,14,16,3.0
14015481,7674,FK Napredak Kruševac,home,1,26,159,,11,29,55,1.0,1.0,0.0,1,1,11,,2,45,,,0.32,37,27,1.0,11,15,13,9.0,31,,0,15,0.0,250,,,,0,2,17,37,1,3,2,15,3,8,3.0
14015481,5149,FK Crvena zvezda,away,12,29,513,,11,71,66,2.0,1.0,1.0,10,9,6,,11,55,,,2.75,76,185,4.0,15,10,1,2.0,41,,0,9,1.0,596,,,,6,13,18,12,22,29,7,20,68,16,2.0
14015482,308176,FK IMT Beograd,home,7,28,231,,20,47,62,3.0,2.0,1.0,2,2,9,1.0,7,47,,,2.16,78,70,2.0,16,11,5,4.0,34,0.0,0,15,0.0,358,,0.0,,5,7,39,33,8,14,6,17,16,9,4.0
14015482,36967,FK Spartak Subotica,away,3,36,292,,25,53,61,1.0,1.0,0.0,4,1,10,0.0,9,53,,,1.08,79,70,4.0,12,16,4,6.0,35,1.0,0,8,2.0,423,,3.0,,3,5,32,46,6,12,6,15,17,9,1.0
14015484,25737,FK Radnički Niš,home,4,26,271,0.0,27,53,57,4.0,1.0,3.0,5,6,7,1.0,4,50,0.0,1.0,3.12,49,65,3.0,16,10,4,6.0,27,2.0,0,19,4.0,367,,2.0,0.0,4,8,25,28,9,17,8,13,24,6,2.0
14015484,111127,FK Radnik Surdulica,away,7,28,205,1.0,23,47,40,4.0,3.0,1.0,4,8,4,2.0,5,50,2.0,1.0,1.89,56,65,1.0,12,15,8,4.0,31,0.0,2,13,3.0,307,,0.0,1.0,2,8,34,20,11,14,3,12,35,8,0.0
14015485,5144,FK Javor Ivanjica,home,3,22,233,,16,45,41,2.0,,2.0,2,4,8,1.0,8,51,,,1.03,56,64,0.0,15,8,16,1.0,30,1.0,1,7,0.0,308,,0.0,1.0,3,7,19,32,8,12,4,14,16,11,3.0
14015485,111127,FK Radnik Surdulica,away,5,13,318,,11,55,40,2.0,,2.0,2,6,8,0.0,6,49,,,1.99,59,83,4.0,8,14,11,4.0,34,0.0,0,10,2.0,383,,1.0,0.0,7,3,17,32,10,12,2,15,25,12,5.0
14015487,36967,FK Spartak Subotica,home,1,28,252,1.0,6,41,66,1.0,0.0,1.0,4,2,12,,7,46,,,0.9,47,73,1.0,21,14,7,4.0,43,,1,21,6.0,352,,1.0,,3,3,21,31,7,10,3,23,25,17,3.0
14015487,25737,FK Radnički Niš,away,5,24,395,0.0,9,59,63,2.0,2.0,0.0,6,2,12,,8,54,,,2.59,64,99,8.0,14,20,2,1.0,49,,0,9,1.0,495,,1.0,,7,4,34,16,11,17,6,21,27,9,0.0
14015488,5149,FK Crvena zvezda,home,2,24,556,2.0,6,63,62,9.0,3.0,6.0,3,6,8,0.0,9,47,0.0,0.0,2.36,81,160,2.0,6,5,4,2.0,27,,1,10,2.0,631,,1.0,,8,10,22,21,15,21,6,13,33,8,1.0
14015488,308176,FK IMT Beograd,away,2,19,295,0.0,6,37,53,1.0,1.0,0.0,4,6,7,1.0,12,53,1.0,2.0,0.56,39,61,1.0,5,6,7,4.0,31,,0,8,0.0,361,,1.0,,2,3,12,18,5,9,4,15,21,11,1.0
14015489,5153,OFK Beograd,home,3,35,430,2.0,17,61,45,9.0,5.0,4.0,2,4,0,1.0,5,59,,,3.33,71,79,2.0,11,11,9,4.0,30,,3,6,4.0,509,,,,8,6,17,25,14,16,2,16,25,9,3.0
14015489,7674,FK Napredak Kruševac,away,4,20,240,0.0,11,39,37,0.0,0.0,0.0,2,3,5,0.0,5,41,,,0.86,39,46,1.0,11,11,7,2.0,21,,0,12,0.0,320,,,,7,4,24,27,4,13,9,6,12,3,2.0
14015490,5150,FK Vojvodina,home,6,28,253,3.0,10,43,45,5.0,1.0,4.0,6,3,7,,7,44,0.0,,2.15,59,67,1.0,20,10,9,4.0,33,2.0,0,11,1.0,329,,,1.0,0,7,23,20,7,13,6,17,26,10,4.0
14015490,43981,FK Radnički 1923,away,4,16,377,0.0,14,57,56,2.0,1.0,1.0,2,2,8,,9,56,1.0,,1.39,53,99,3.0,10,20,5,3.0,41,0.0,0,12,1.0,453,,,0.0,5,5,17,27,7,12,5,12,24,8,2.0
14015492,263360,FK TSC Bačka Topola,home,7,21,323,2.0,6,53,63,5.0,5.0,,6,4,13,,6,40,,0.0,2.51,63,89,2.0,17,14,8,5.0,31,,0,8,0.0,408,,0.0,,8,5,14,25,12,19,7,11,32,8,3.0
14015492,5152,FK Partizan,away,3,12,285,1.0,8,47,54,1.0,1.0,,4,6,5,,11,60,,1.0,0.69,51,66,3.0,14,17,8,4.0,47,,0,7,1.0,370,,1.0,,7,6,21,25,9,17,8,19,24,15,1.0
14015493,7771,FK Mladost Lučani,home,2,22,176,1.0,14,31,36,3.0,2.0,1.0,1,3,7,2.0,5,50,,0.0,1.29,37,37,3.0,10,18,11,4.0,39,0.0,2,11,0.0,267,,1.0,,4,3,14,35,7,8,1,16,15,10,3.0
14015493,282203,FK Železničar Pančevo,away,5,29,509,0.0,23,69,43,1.0,1.0,0.0,7,8,9,1.0,8,50,,2.0,2.0,68,113,2.0,18,10,5,2.0,30,2.0,0,8,2.0,586,,0.0,,9,5,24,16,13,21,8,12,34,7,3.0
14015494,5148,FK Čukarički,home,7,41,283,,25,52,48,0.0,0.0,,3,9,2,1.0,5,56,,,0.79,59,75,3.0,13,11,7,3.0,32,2.0,0,8,1.0,366,,1.0,,9,6,23,23,10,18,8,17,23,12,5.0
14015494,25736,FK Novi Pazar,away,2,24,267,,17,48,47,1.0,1.0,,1,5,9,0.0,7,44,,,0.83,42,78,4.0,11,13,7,5.0,27,0.0,0,7,3.0,332,,1.0,,5,4,24,30,5,10,5,7,13,5,1.0
14015495,25736,FK Novi Pazar,home,11,16,241,,20,58,40,1.0,1.0,0.0,5,10,10,0.0,1,45,,,1.92,52,65,5.0,14,13,6,4.0,26,,0,8,1.0,324,,,,7,10,22,9,13,22,9,13,29,8,3.0
14015495,5144,FK Javor Ivanjica,away,6,34,168,,21,42,48,4.0,2.0,2.0,0,1,10,3.0,4,55,,,1.05,62,51,3.0,13,14,6,8.0,35,,0,6,1.0,246,,,,4,6,20,40,8,10,2,17,16,9,3.0
14015496,282203,FK Železničar Pančevo,home,2,23,359,1.0,23,55,45,0.0,0.0,,2,4,7,1.0,6,50,,,0.38,50,66,2.0,16,14,7,2.0,32,1.0,0,9,3.0,446,,2.0,,1,4,20,43,3,7,4,13,9,8,2.0
14015496,5148,FK Čukarički,away,2,34,269,0.0,25,45,42,2.0,2.0,,5,8,3,1.0,5,50,,,1.02,49,73,2.0,14,16,5,3.0,29,1.0,0,5,5.0,355,,0.0,,3,2,20,21,7,10,3,11,19,8,3.0
14015497,5152,FK Partizan,home,3,31,548,3.0,8,64,62,4.0,2.0,2.0,6,5,9,0.0,9,47,,,2.12,80,175,,13,6,4,2.0,28,1.0,0,8,1.0,613,,1.0,,6,9,12,12,12,21,9,13,37,7,1.0
14015497,7771,FK Mladost Lučani,away,8,20,261,0.0,8,36,48,1.0,1.0,0.0,5,3,7,2.0,4,53,,,1.0,58,57,,6,13,9,6.0,33,0.0,0,8,0.0,341,,1.0,,3,2,19,22,9,10,1,16,18,12,1.0
14015498,43981,FK Radnički 1923,home,6,20,251,1.0,9,40,58,1.0,,1.0,5,2,3,,10,55,1.0,,1.94,60,70,3.0,12,21,4,1.0,48,1.0,2,14,1.0,327,,,,5,4,18,25,11,14,3,17,31,9,2.0
14015498,263360,FK TSC Bačka Topola,away,3,32,409,1.0,9,60,49,0.0,,0.0,1,2,9,,8,45,0.0,,0.41,74,89,0.0,21,12,9,2.0,38,0.0,0,2,1.0,492,,,,2,2,22,13,2,5,3,18,19,10,2.0
14015499,7674,FK Napredak Kruševac,home,8,28,295,1.0,12,51,48,3.0,2.0,1.0,5,6,7,0.0,1,48,,,2.58,51,48,3.0,8,17,3,5.0,32,1.0,0,8,2.0,373,,,,5,6,26,17,13,16,3,14,23,8,1.0
14015499,5150,FK Vojvodina,away,5,19,298,1.0,17,49,40,2.0,0.0,2.0,1,6,6,1.0,9,52,,,1.83,50,60,2.0,17,8,13,5.0,31,1.0,1,9,4.0,373,,,,3,9,10,30,9,13,4,16,23,8,3.0
14015501,308176,FK IMT Beograd,home,3,29,261,,16,43,70,,,,1,1,4,1.0,7,47,,,0.56,57,61,1.0,16,14,6,4.0,35,1.0,0,7,2.0,360,,,,4,4,17,36,5,9,4,15,11,9,1.0
14015501,5153,OFK Beograd,away,3,32,378,,16,57,63,,,,3,4,6,1.0,12,53,,,1.08,78,86,4.0,14,16,8,3.0,42,1.0,0,10,1.0,477,,,,3,5,17,20,5,11,6,14,14,9,2.0
14015502,25737,FK Radnički Niš,home,0,25,164,,11,28,59,0.0,0.0,,3,4,9,2.0,8,41,,,0.72,47,38,0.0,21,12,14,6.0,36,1.0,0,13,2.0,248,,2.0,,2,4,18,40,5,9,4,17,10,9,4.0
14015502,5149,FK Crvena zvezda,away,9,36,527,,21,72,63,1.0,1.0,,3,6,8,1.0,10,59,,,1.27,117,148,10.0,12,21,3,4.0,48,0.0,0,6,2.0,623,,0.0,,5,6,31,17,10,14,4,19,23,10,1.0
14015503,111127,FK Radnik Surdulica,home,3,27,207,1.0,17,48,53,1.0,0.0,1.0,4,3,6,,10,49,,,1.13,87,91,8.0,26,18,12,2.0,47,0.0,0,7,1.0,314,,,,6,4,23,27,7,14,7,21,22,12,3.0
14015503,36967,FK Spartak Subotica,away,4,23,226,0.0,21,52,47,3.0,3.0,0.0,2,3,11,,8,51,,,1.07,53,69,4.0,18,26,15,2.0,45,3.0,1,12,1.0,339,,,,6,2,21,31,8,10,2,12,24,6,4.0
14015504,5144,FK Javor Ivanjica,home,5,39,301,0.0,16,50,59,3.0,3.0,0.0,1,5,7,1.0,8,54,0.0,0.0,0.66,65,88,3.0,10,17,5,1.0,37,0.0,0,13,3.0,378,,,1.0,6,2,28,18,7,9,2,12,21,8,5.0
14015504,36967,FK Spartak Subotica,away,2,18,302,1.0,13,50,56,1.0,0.0,1.0,5,4,1,0.0,6,46,1.0,1.0,0.85,58,98,4.0,17,10,9,1.0,32,2.0,1,10,1.0,399,,,0.0,0,2,16,38,5,7,2,17,18,13,2.0
14015505,5149,FK Crvena zvezda,home,9,25,579,1.0,23,74,64,4.0,3.0,1.0,5,11,8,0.0,12,57,,,3.76,86,189,5.0,12,10,1,1.0,37,0.0,2,6,3.0,659,,0.0,,8,9,35,12,16,22,6,15,52,10,1.0
14015505,111127,FK Radnik Surdulica,away,1,15,151,0.0,10,26,54,1.0,0.0,1.0,3,1,11,2.0,6,43,,,0.28,25,22,1.0,10,12,13,8.0,36,1.0,0,9,0.0,240,,2.0,,0,2,12,55,2,5,3,18,7,11,4.0
14015506,5153,OFK Beograd,home,5,11,350,0.0,11,59,47,2.0,2.0,,1,4,10,1.0,5,43,,,0.5,55,59,1.0,12,10,7,4.0,28,,0,6,4.0,430,,,,5,4,22,25,4,10,6,13,9,8,1.0
14015506,25737,FK Radnički Niš,away,6,24,203,1.0,14,41,47,0.0,0.0,,4,3,6,1.0,4,57,,,2.1,39,50,4.0,10,12,9,4.0,37,,1,12,3.0,289,,,,6,4,25,21,10,14,4,22,21,14,4.0
14015507,5150,FK Vojvodina,home,10,18,433,3.0,13,63,69,2.0,1.0,1.0,6,13,3,1.0,12,56,,,1.54,88,132,7.0,6,10,1,3.0,34,0.0,0,10,3.0,529,,0.0,,10,8,20,10,17,24,7,12,40,9,0.0
14015507,308176,FK IMT Beograd,away,2,22,241,0.0,10,37,51,1.0,0.0,1.0,1,3,6,1.0,8,44,,,0.99,44,42,0.0,10,6,14,6.0,27,1.0,0,8,2.0,329,,1.0,,1,6,21,45,4,8,4,13,8,6,1.0
14015509,263360,FK TSC Bačka Topola,home,11,26,480,,20,68,55,2.0,2.0,,5,10,7,,7,59,,0.0,1.32,100,154,6.0,14,17,3,0.0,40,0.0,0,6,,554,,1.0,,7,3,20,10,9,15,6,16,40,13,1.0
14015509,7674,FK Napredak Kruševac,away,0,22,182,,12,32,51,0.0,0.0,,1,2,8,,4,41,,1.0,0.2,28,29,1.0,17,14,13,2.0,30,3.0,0,11,,268,,0.0,,2,1,18,40,2,4,2,12,7,8,3.0
14015511,7771,FK Mladost Lučani,home,0,37,267,1.0,15,51,54,0.0,0.0,,1,1,8,1.0,4,49,,3.0,0.09,61,41,3.0,23,20,6,3.0,41,,0,8,0.0,359,,,1.0,2,0,31,21,1,3,2,17,5,13,2.0
14015511,43981,FK Radnički 1923,away,5,22,261,1.0,16,49,57,2.0,2.0,,1,2,7,0.0,6,51,,0.0,1.2,61,65,1.0,20,23,6,0.0,43,,0,14,1.0,345,,,0.0,6,6,25,30,6,13,7,14,16,11,1.0
14015512,5148,FK Čukarički,home,3,19,137,,16,29,50,4.0,2.0,2.0,3,5,3,1.0,1,47,,,2.17,48,39,2.0,20,10,6,4.0,26,2.0,1,7,,213,,0.0,,6,7,22,35,8,16,8,17,17,12,8.0
14015512,5152,FK Partizan,away,6,31,458,,15,71,44,2.0,2.0,0.0,4,8,9,0.0,6,53,,,0.82,53,78,2.0,11,20,10,3.0,33,0.0,0,6,,535,,1.0,,2,5,17,19,7,11,4,8,22,7,3.0
14015513,25736,FK Novi Pazar,home,7,13,158,1.0,18,38,45,4.0,3.0,1.0,2,4,3,1.0,2,50,,0.0,1.53,40,48,1.0,19,11,8,4.0,29,0.0,1,7,6.0,245,,0.0,,6,7,12,22,11,15,4,16,20,10,3.0
14015513,282203,FK Železničar Pančevo,away,3,23,317,0.0,20,62,38,1.0,1.0,0.0,0,2,9,3.0,6,50,,1.0,0.28,47,42,4.0,11,19,8,6.0,27,1.0,0,7,0.0,411,,1.0,,3,4,23,22,1,7,6,3,4,2,2.0
14015514,282203,FK Železničar Pančevo,home,5,24,358,,20,51,51,5.0,4.0,1.0,3,5,9,1.0,2,48,,,2.38,55,65,4.0,10,13,6,6.0,20,1.0,0,7,0.0,444,,,,4,6,17,41,8,13,5,5,23,4,2.0
14015514,5144,FK Javor Ivanjica,away,6,30,320,,22,49,50,0.0,0.0,0.0,0,7,2,1.0,1,52,,,0.56,64,76,1.0,13,10,5,4.0,22,0.0,0,8,4.0,412,,,,3,6,23,16,5,9,4,12,21,9,2.0
14015515,5152,FK Partizan,home,2,28,374,,18,55,50,3.0,2.0,1.0,2,1,2,0.0,9,53,,,2.17,43,58,2.0,16,15,8,4.0,35,1.0,0,8,2.0,444,,,,7,7,10,26,8,16,8,12,18,7,3.0
14015515,25736,FK Novi Pazar,away,5,16,273,,13,45,47,2.0,2.0,0.0,3,3,6,1.0,7,47,,,1.16,37,48,0.0,15,16,6,5.0,34,0.0,0,9,1.0,345,,,,6,3,21,7,7,12,5,14,20,7,1.0
14015518,7674,FK Napredak Kruševac,home,6,28,409,,24,54,42,0.0,,0.0,7,9,9,,7,53,,,0.7,84,110,2.0,9,16,3,0.0,32,0.0,0,12,0.0,510,,0.0,,8,3,33,9,9,18,9,10,28,7,1.0
14015518,7771,FK Mladost Lučani,away,1,24,350,,17,46,51,1.0,,1.0,1,0,1,,9,47,,,1.06,55,44,2.0,16,8,8,3.0,33,1.0,0,9,1.0,446,,1.0,,1,1,16,50,2,3,1,15,9,9,3.0
14015519,308176,FK IMT Beograd,home,2,29,263,,14,46,49,3.0,2.0,1.0,0,2,7,1.0,8,49,,,1.29,44,61,1.0,14,19,8,4.0,41,,0,10,2.0,347,,,,5,4,18,43,5,9,4,13,17,7,2.0
14015519,263360,FK TSC Bačka Topola,away,6,25,302,,21,54,51,2.0,2.0,0.0,2,6,9,0.0,6,51,,,0.97,65,79,3.0,20,14,5,3.0,36,,0,4,5.0,407,,,,6,6,32,26,10,14,4,17,26,12,3.0
14015520,25737,FK Radnički Niš,home,3,33,290,1.0,26,55,64,0.0,,0.0,2,3,7,1.0,7,55,0.0,,1.08,66,83,3.0,12,11,5,2.0,40,0.0,0,7,2.0,386,,0.0,,8,6,26,34,8,16,8,22,23,15,3.0
14015520,5150,FK Vojvodina,away,2,19,206,0.0,22,45,51,1.0,,1.0,2,3,9,1.0,6,45,1.0,,0.17,64,54,3.0,11,12,10,5.0,32,1.0,0,6,1.0,313,,1.0,,1,3,36,38,3,6,3,14,14,11,4.0
14015521,111127,FK Radnik Surdulica,home,2,26,257,0.0,12,51,49,3.0,2.0,1.0,1,1,3,1.0,6,50,,0.0,1.81,62,75,3.0,20,14,12,1.0,38,2.0,0,9,4.0,369,,1.0,,3,7,24,30,6,11,5,19,29,11,2.0
14015521,5153,OFK Beograd,away,6,14,247,1.0,19,49,42,1.0,1.0,0.0,3,6,7,0.0,6,50,,1.0,0.77,52,57,5.0,15,20,10,6.0,32,0.0,1,8,1.0,345,,0.0,,6,1,25,28,8,10,2,7,17,5,2.0
14015522,36967,FK Spartak Subotica,home,2,19,227,,9,35,59,2.0,1.0,1.0,1,2,10,1.0,6,47,,2.0,1.8,48,50,3.0,14,9,13,5.0,35,1.0,0,11,4.0,312,,1.0,,1,5,16,26,4,7,3,20,21,13,3.0
14015522,5149,FK Crvena zvezda,away,8,23,490,,8,65,62,4.0,2.0,2.0,3,6,12,1.0,8,53,,0.0,2.5,84,121,1.0,10,14,2,3.0,42,0.0,0,11,1.0,581,,0.0,,10,7,12,14,13,20,7,21,32,15,2.0
14015523,5144,FK Javor Ivanjica,home,2,19,110,1.0,16,22,46,1.0,0.0,1.0,0,4,10,4.0,7,49,,,0.96,27,20,1.0,12,8,17,9.0,26,1.0,0,11,2.0,176,,,,1,5,20,66,4,6,2,11,6,8,1.0
14015523,5149,FK Crvena zvezda,away,8,16,541,0.0,8,78,52,4.0,4.0,0.0,11,17,5,0.0,9,51,,,4.24,66,264,4.0,8,12,2,4.0,36,0.0,0,10,0.0,612,,,,14,9,19,10,22,34,12,17,57,11,1.0
14015525,36967,FK Spartak Subotica,home,3,29,240,,4,45,42,1.0,0.0,1.0,1,5,5,1.0,4,38,,1.0,0.91,58,69,1.0,25,9,11,3.0,34,,0,10,0.0,326,,,1.0,1,8,16,26,4,10,6,22,13,13,7.0
14015525,5153,OFK Beograd,away,10,19,307,,13,55,45,4.0,3.0,1.0,8,9,6,3.0,8,62,,0.0,1.63,64,97,7.0,9,24,3,6.0,49,,0,11,2.0,389,,,0.0,8,5,30,16,11,21,10,16,30,9,1.0
14015526,111127,FK Radnik Surdulica,home,3,45,196,1.0,19,40,51,2.0,0.0,2.0,4,7,6,,9,53,,,1.9,46,72,3.0,16,15,8,2.0,39,,1,11,1.0,278,,1.0,,2,5,18,31,6,11,5,15,17,9,2.0
14015526,5150,FK Vojvodina,away,2,24,315,0.0,17,60,49,1.0,1.0,0.0,5,6,7,,6,47,,,1.01,69,75,3.0,15,16,6,3.0,34,,1,7,3.0,409,,0.0,,2,2,24,13,4,9,5,14,13,11,5.0
14015527,25737,FK Radnički Niš,home,2,23,259,1.0,10,42,58,1.0,,1.0,6,2,8,1.0,9,45,,,0.9,53,41,1.0,14,11,8,2.0,33,2.0,0,2,4.0,351,,1.0,,3,3,25,30,8,12,4,15,18,10,3.0
14015527,263360,FK TSC Bačka Topola,away,3,9,387,0.0,14,58,58,1.0,,1.0,3,5,6,0.0,9,55,,,0.47,63,86,0.0,11,14,6,2.0,38,1.0,0,15,3.0,480,,1.0,,1,3,24,31,5,7,2,15,19,8,1.0
14015529,308176,FK IMT Beograd,home,12,26,424,,23,58,56,3.0,2.0,1.0,9,7,4,0.0,3,58,,,2.01,69,113,1.0,11,11,5,3.0,31,,0,8,1.0,518,,0.0,,10,4,16,22,12,23,11,17,45,14,2.0
14015529,7771,FK Mladost Lučani,away,5,23,282,,17,42,56,4.0,2.0,2.0,2,1,9,1.0,3,42,,,2.35,45,65,0.0,11,11,12,3.0,22,,1,6,2.0,387,,1.0,,4,6,21,50,10,12,2,10,22,6,1.0
14015530,7674,FK Napredak Kruševac,home,3,24,174,,23,37,47,0.0,0.0,,2,2,9,,5,49,,,0.35,49,39,2.0,14,20,8,4.0,29,1.0,0,10,2.0,275,,0.0,,3,1,22,47,4,6,2,5,8,3,6.0
14015530,5148,FK Čukarički,away,10,34,355,,24,63,51,1.0,1.0,,6,9,3,,3,51,,,2.5,69,92,5.0,20,14,1,0.0,30,0.0,0,5,2.0,453,,1.0,,5,6,21,17,12,17,5,13,29,8,2.0
14015531,43981,FK Radnički 1923,home,4,23,282,,21,58,65,1.0,1.0,,5,6,4,,16,61,,,0.97,52,71,3.0,11,18,3,3.0,49,3.0,1,8,1.0,380,,0.0,,4,2,38,32,8,11,3,16,25,12,1.0
14015531,25736,FK Novi Pazar,away,4,15,178,,8,42,52,0.0,0.0,,3,6,8,,7,39,,,0.78,61,46,0.0,18,11,8,2.0,37,0.0,0,10,0.0,277,,1.0,,1,3,31,35,4,7,3,19,12,12,3.0
14015532,5152,FK Partizan,home,4,35,421,2.0,8,57,72,6.0,5.0,1.0,4,1,4,0.0,9,46,,0.0,2.25,65,94,0.0,12,9,10,2.0,26,,2,14,1.0,526,,1.0,,9,4,21,31,10,17,7,8,27,4,0.0
14015532,282203,FK Železničar Pančevo,away,4,26,290,2.0,9,43,63,4.0,1.0,3.0,1,3,5,1.0,8,54,,2.0,2.14,59,73,1.0,9,12,10,3.0,31,,1,9,0.0,388,,0.0,,9,4,12,31,12,14,2,12,29,11,4.0
14015533,5152,FK Partizan,home,9,18,455,1.0,7,62,62,3.0,2.0,1.0,4,13,8,0.0,14,48,,,1.21,61,121,1.0,8,6,5,5.0,30,,1,10,1.0,532,,1.0,,6,10,10,15,11,20,9,10,39,8,0.0
14015533,5144,FK Javor Ivanjica,away,2,15,255,1.0,10,38,52,4.0,4.0,0.0,1,3,7,2.0,6,52,,,1.23,54,50,0.0,6,8,11,6.0,30,,0,8,2.0,325,,0.0,,3,7,10,39,7,11,4,17,15,10,2.0
14015534,282203,FK Železničar Pančevo,home,1,26,416,,9,68,40,1.0,,1.0,1,3,8,,12,42,,,0.37,55,65,1.0,15,12,3,1.0,31,1.0,0,4,0.0,484,,,,2,4,25,22,3,7,4,9,18,4,2.0
14015534,43981,FK Radnički 1923,away,4,20,148,,15,32,39,0.0,,0.0,1,2,4,,6,58,,,0.34,43,29,1.0,12,15,7,3.0,40,0.0,0,10,2.0,213,,,,2,1,16,26,4,4,0,19,8,14,1.0
14015535,25736,FK Novi Pazar,home,3,13,319,,16,57,44,2.0,1.0,1.0,1,4,11,,2,36,,,1.35,46,89,3.0,22,11,8,0.0,22,1.0,0,7,0.0,410,,,,6,4,32,12,6,11,5,9,13,7,3.0
14015535,7674,FK Napredak Kruševac,away,7,13,213,,29,43,44,1.0,0.0,1.0,1,3,3,,3,64,,,0.49,34,32,3.0,11,22,12,3.0,40,0.0,0,9,2.0,305,,,,5,1,19,28,4,7,3,16,9,11,2.0
14015536,5148,FK Čukarički,home,4,37,222,,29,42,39,1.0,0.0,1.0,1,1,8,1.0,4,53,,,0.71,52,57,3.0,20,18,14,2.0,33,,0,7,1.0,320,,,1.0,3,1,21,28,3,5,2,12,12,7,2.0
14015536,308176,FK IMT Beograd,away,9,26,334,,21,58,50,3.0,3.0,0.0,3,8,10,0.0,3,47,,,1.43,62,71,2.0,18,20,4,0.0,34,,0,8,3.0,427,,,0.0,8,3,25,25,9,14,5,11,24,10,1.0
14015537,7771,FK Mladost Lučani,home,2,23,185,,19,33,51,4.0,2.0,2.0,1,2,3,1.0,7,45,,,2.01,44,46,3.0,14,9,18,1.0,29,,0,6,1.0,282,,,,2,6,20,48,7,9,2,13,13,10,1.0
14015537,25737,FK Radnički Niš,away,7,39,473,,23,67,61,2.0,1.0,1.0,5,7,7,0.0,12,55,,,0.57,80,119,4.0,10,14,5,4.0,36,,0,5,1.0,564,,,,4,2,29,14,5,11,6,10,22,4,3.0
14015538,263360,FK TSC Bačka Topola,home,6,13,437,1.0,10,70,58,3.0,3.0,0.0,6,9,6,,12,59,,1.0,1.08,74,154,6.0,18,18,4,2.0,47,0.0,0,8,2.0,519,,0.0,0.0,7,1,19,12,7,14,7,17,24,12,4.0
14015538,111127,FK Radnik Surdulica,away,3,21,150,0.0,14,30,47,2.0,1.0,1.0,0,0,9,,1,41,,0.0,0.92,38,28,2.0,18,18,13,2.0,26,4.0,0,14,2.0,233,,1.0,1.0,1,4,15,62,2,5,3,10,8,5,2.0
14015539,5150,FK Vojvodina,home,7,29,304,1.0,10,55,57,3.0,2.0,1.0,3,11,3,0.0,2,51,,,2.57,76,109,3.0,10,14,8,1.0,37,1.0,0,9,,402,,0.0,,10,10,33,19,18,23,5,22,36,14,5.0
14015539,36967,FK Spartak Subotica,away,3,32,264,0.0,16,45,45,1.0,1.0,0.0,3,5,10,3.0,7,49,,,0.27,55,76,0.0,14,10,17,7.0,30,1.0,1,11,,350,,2.0,,0,1,22,44,1,4,3,13,16,10,3.0
14015540,5153,OFK Beograd,home,0,13,217,,9,35,61,2.0,1.0,1.0,1,1,8,1.0,8,43,,1.0,1.56,29,16,0.0,8,9,17,7.0,22,2.0,0,8,0.0,318,,,,1,4,17,33,5,6,1,5,9,2,2.0
14015540,5149,FK Crvena zvezda,away,9,26,501,,10,65,68,3.0,2.0,1.0,14,13,1,0.0,7,57,,1.0,3.46,79,190,3.0,9,8,3,1.0,31,0.0,0,12,2.0,576,,,,12,11,18,10,22,37,15,16,51,11,0.0
14015541,5144,FK Javor Ivanjica,home,6,23,342,,16,51,64,2.0,2.0,0.0,3,1,6,1.0,10,52,,,1.37,50,92,1.0,12,11,3,3.0,39,1.0,1,8,1.0,429,,,,7,5,18,32,9,15,6,18,17,13,0.0
14015541,5153,OFK Beograd,away,5,20,335,,19,49,52,3.0,2.0,1.0,6,7,10,1.0,8,48,,,1.61,50,82,4.0,11,12,16,5.0,32,0.0,0,7,1.0,413,,,,2,5,13,23,10,13,3,12,32,4,2.0
14015542,5149,FK Crvena zvezda,home,12,35,469,,14,65,64,2.0,2.0,,6,6,3,,9,53,,,1.2,85,122,3.0,11,15,8,3.0,40,0.0,0,8,2.0,590,,0.0,,11,3,26,17,11,20,9,16,36,10,1.0
14015542,5150,FK Vojvodina,away,2,14,215,,14,35,75,2.0,2.0,,2,1,8,,11,47,,,1.08,57,36,0.0,15,11,8,3.0,34,1.0,0,11,0.0,323,,1.0,,4,4,16,42,3,10,7,12,9,9,0.0
14015543,36967,FK Spartak Subotica,home,1,15,225,,14,46,47,0.0,0.0,0.0,1,1,6,1.0,7,53,,,0.24,44,29,1.0,13,14,11,3.0,40,1.0,0,8,2.0,321,,1.0,,1,2,17,35,2,4,2,19,4,13,3.0
14015543,263360,FK TSC Bačka Topola,away,4,20,261,,12,54,48,3.0,2.0,1.0,4,5,6,0.0,4,47,,,1.83,68,77,1.0,14,12,4,1.0,36,0.0,0,5,4.0,359,,0.0,,4,6,26,19,7,14,7,20,21,11,3.0
14015544,111127,FK Radnik Surdulica,home,3,19,358,1.0,21,57,67,1.0,1.0,,3,1,8,0.0,9,55,,,0.51,81,88,,14,15,7,2.0,42,1.0,0,11,1.0,462,,1.0,,7,1,26,26,6,11,5,18,20,10,2.0
14015544,7771,FK Mladost Lučani,away,2,27,233,0.0,18,43,61,1.0,1.0,,2,1,13,1.0,3,45,,,0.54,69,60,,15,14,11,1.0,34,0.0,0,17,4.0,340,,0.0,,3,2,30,35,4,7,3,18,13,11,2.0
14015545,25737,FK Radnički Niš,home,3,30,215,,23,43,43,0.0,0.0,0.0,0,1,8,2.0,8,47,,1.0,0.23,56,49,2.0,13,21,11,6.0,37,0.0,0,6,3.0,299,1.0,1.0,1.0,2,3,28,48,3,5,2,10,7,6,4.0
14015545,5148,FK Čukarički,away,6,43,296,,27,57,52,5.0,3.0,2.0,7,5,4,0.0,11,53,,0.0,3.37,63,65,6.0,21,12,5,2.0,41,1.0,1,4,0.0,396,0.0,0.0,0.0,11,8,24,30,17,26,9,18,34,14,0.0
14015546,308176,FK IMT Beograd,home,7,16,349,,34,65,35,1.0,0.0,1.0,1,3,5,0.0,7,58,1.0,,1.07,72,106,4.0,12,15,5,1.0,30,0.0,0,8,2.0,470,,0.0,0.0,4,5,38,17,7,10,3,9,21,7,0.0
14015546,25736,FK Novi Pazar,away,4,13,141,,24,35,46,2.0,1.0,1.0,2,2,3,1.0,3,42,0.0,,1.95,51,34,4.0,15,11,12,3.0,23,1.0,0,9,0.0,259,,1.0,1.0,5,5,19,40,6,12,6,8,13,2,2.0
14015547,7674,FK Napredak Kruševac,home,5,19,146,1.0,26,39,47,1.0,0.0,1.0,1,1,7,,4,45,,,1.28,49,46,1.0,25,18,8,1.0,33,0.0,0,13,1.0,247,,,,3,3,22,34,5,7,2,13,16,9,7.0
14015547,282203,FK Železničar Pančevo,away,8,38,296,0.0,28,61,44,3.0,2.0,1.0,6,9,6,,11,55,,,2.67,63,76,5.0,18,23,5,1.0,44,1.0,0,9,1.0,395,,,,4,2,15,18,11,12,1,11,47,3,4.0
14015548,43981,FK Radnički 1923,home,4,16,273,1.0,15,46,59,2.0,1.0,1.0,4,3,4,0.0,6,50,1.0,,0.97,50,65,2.0,14,10,8,3.0,32,,0,10,1.0,343,,,1.0,5,6,15,24,10,15,5,16,22,13,5.0
14015548,5152,FK Partizan,away,5,29,330,0.0,8,54,54,4.0,2.0,2.0,1,6,5,2.0,8,50,0.0,,2.81,56,60,2.0,10,13,5,4.0,39,,0,4,2.0,416,,,0.0,7,7,15,23,11,15,4,17,24,11,1.0
14015549,43981,FK Radnički 1923,home,7,30,418,1.0,15,63,56,2.0,1.0,1.0,2,7,9,0.0,13,51,0.0,0.0,1.4,73,125,4.0,14,17,2,4.0,49,0.0,0,10,1.0,495,,,,6,5,18,17,7,13,6,19,28,16,1.0
14015549,5144,FK Javor Ivanjica,away,6,18,208,0.0,20,37,46,2.0,1.0,1.0,0,5,9,1.0,10,49,1.0,2.0,1.12,32,27,0.0,17,14,12,4.0,42,2.0,0,9,0.0,296,,,,1,5,23,40,5,6,1,19,11,16,2.0
14015550,5152,FK Partizan,home,3,21,307,1.0,17,52,59,5.0,3.0,2.0,4,4,5,0.0,10,55,2.0,1.0,2.97,51,106,6.0,17,19,4,3.0,48,1.0,0,3,0.0,406,,0.0,0.0,4,8,22,24,11,16,5,18,31,16,2.0
14015550,7674,FK Napredak Kruševac,away,2,23,306,2.0,13,48,60,2.0,0.0,2.0,0,0,8,2.0,7,45,1.0,0.0,0.95,48,46,1.0,20,17,4,5.0,41,0.0,0,4,1.0,381,,1.0,1.0,2,5,25,28,5,7,2,17,20,11,6.0
14015551,282203,FK Železničar Pančevo,home,0,23,444,,25,64,49,2.0,2.0,,2,3,12,0.0,11,55,,0.0,0.31,59,48,1.0,17,24,1,2.0,42,3.0,1,8,3.0,532,,0.0,,3,2,12,29,3,7,4,9,15,6,1.0
14015551,308176,FK IMT Beograd,away,5,21,191,,15,36,47,1.0,1.0,,4,3,7,1.0,2,45,,1.0,1.0,31,35,3.0,24,17,4,1.0,39,1.0,0,2,1.0,288,,1.0,,0,3,13,25,6,7,1,21,19,16,2.0
14015553,25736,FK Novi Pazar,home,3,20,228,,13,36,54,2.0,1.0,1.0,3,5,6,0.0,4,47,,,1.34,44,44,2.0,18,10,10,2.0,31,1.0,0,12,2.0,303,,,,4,5,12,38,10,12,2,18,19,13,0.0
14015553,25737,FK Radnički Niš,away,4,35,464,,11,64,58,0.0,0.0,0.0,0,5,13,3.0,11,53,,,0.36,79,104,2.0,10,18,5,4.0,39,0.0,0,10,0.0,548,,,,3,2,27,13,4,5,1,10,18,9,2.0
14015554,5148,FK Čukarički,home,1,20,168,,26,38,46,0.0,,0.0,1,1,4,0.0,5,51,,1.0,0.41,65,45,3.0,20,15,7,4.0,35,,1,8,1.0,272,,,,3,4,20,28,5,8,3,18,19,10,5.0
14015554,111127,FK Radnik Surdulica,away,6,18,357,,18,62,58,1.0,,1.0,6,7,10,1.0,10,49,,1.0,1.91,60,82,3.0,15,19,6,3.0,41,,0,7,4.0,447,,,,7,5,17,28,10,18,8,14,29,6,1.0
14015555,7771,FK Mladost Lučani,home,4,30,441,1.0,24,60,46,,,,2,7,3,1.0,10,51,,,0.37,56,97,2.0,20,13,8,2.0,33,0.0,0,7,3.0,533,,,,6,1,29,15,5,9,4,10,17,7,3.0
14015555,36967,FK Spartak Subotica,away,3,22,270,0.0,19,40,45,,,,2,3,5,1.0,7,49,,,0.36,40,59,1.0,13,20,11,1.0,35,2.0,1,12,0.0,365,,,,5,2,21,34,3,9,6,9,16,5,1.0
14015556,263360,FK TSC Bačka Topola,home,2,22,223,0.0,12,35,64,1.0,1.0,,2,3,13,3.0,5,42,,,0.69,42,43,1.0,17,8,11,7.0,33,0.0,1,12,3.0,302,,2.0,,3,3,14,48,3,8,5,20,12,17,7.0
14015556,5149,FK Crvena zvezda,away,5,33,494,2.0,16,65,72,3.0,3.0,,3,5,7,0.0,10,58,,,1.8,74,123,3.0,8,17,7,3.0,46,1.0,1,6,2.0,582,,0.0,,8,7,21,14,11,18,7,20,36,14,1.0
14015557,5150,FK Vojvodina,home,5,16,249,,18,54,58,1.0,1.0,,4,8,11,1.0,6,45,,1.0,1.62,55,82,0.0,20,16,4,4.0,41,1.0,0,3,1.0,337,,0.0,,10,4,17,32,12,18,6,20,31,14,1.0
14015557,5153,OFK Beograd,away,4,26,213,,21,46,47,2.0,2.0,,6,6,5,2.0,16,55,,1.0,0.98,64,82,4.0,16,20,14,4.0,52,2.0,0,5,0.0,304,,1.0,,3,4,24,35,6,13,7,18,30,10,2.0
14015558,5144,FK Javor Ivanjica,home,4,30,335,2.0,11,48,51,3.0,2.0,1.0,2,4,6,1.0,5,48,,1.0,0.93,56,53,2.0,11,14,12,5.0,31,0.0,0,16,2.0,418,,,,4,4,19,25,8,10,2,13,15,7,0.0
14015558,5150,FK Vojvodina,away,4,17,358,2.0,16,52,62,1.0,0.0,1.0,6,5,9,0.0,6,52,,0.0,2.06,75,133,2.0,14,11,6,3.0,30,3.0,0,14,1.0,450,,,,6,8,17,21,7,20,13,15,30,10,1.0
14015559,5153,OFK Beograd,home,5,28,387,0.0,13,64,59,0.0,0.0,,2,3,4,0.0,10,57,,,1.41,67,67,7.0,12,28,10,5.0,52,,0,5,6.0,482,,,,6,4,23,15,8,12,4,14,22,10,2.0
14015559,263360,FK TSC Bačka Topola,away,1,26,188,1.0,13,36,50,3.0,3.0,,4,4,5,1.0,9,43,,,1.73,41,53,4.0,28,12,9,4.0,36,,0,13,0.0,275,,,,7,6,17,49,9,17,8,17,23,12,3.0
14015560,5149,FK Crvena zvezda,home,8,21,608,1.0,12,75,64,2.0,,2.0,3,5,11,0.0,5,63,,,2.5,82,209,1.0,8,7,2,0.0,37,0.0,1,8,1.0,678,,0.0,,11,11,16,8,16,25,9,26,44,14,
14015560,7771,FK Mladost Lučani,away,0,16,156,0.0,0,25,61,0.0,,0.0,1,1,16,2.0,6,37,,,0.46,34,16,1.0,7,8,10,7.0,29,2.0,0,17,0.0,231,,1.0,,1,0,16,23,2,2,0,15,5,10,
14015561,36967,FK Spartak Subotica,home,3,20,373,1.0,13,54,58,3.0,2.0,1.0,1,3,11,2.0,5,46,1.0,1.0,1.02,63,57,1.0,12,12,4,2.0,34,,1,10,3.0,473,,1.0,1.0,5,4,23,19,6,10,4,17,14,13,3.0
14015561,5148,FK Čukarički,away,7,29,302,0.0,22,46,55,2.0,0.0,2.0,5,5,10,1.0,5,54,0.0,0.0,1.34,55,57,0.0,12,12,6,3.0,33,,0,13,2.0,396,,0.0,0.0,4,5,18,32,8,14,6,17,22,8,2.0
14015562,111127,FK Radnik Surdulica,home,5,20,234,,20,50,57,3.0,3.0,,1,4,9,,10,44,,,0.61,65,80,5.0,22,12,3,2.0,26,2.0,0,6,1.0,325,,,,3,5,25,20,7,9,2,7,28,5,2.0
14015562,25736,FK Novi Pazar,away,1,19,236,,19,50,48,0.0,0.0,,2,2,4,,4,56,,,0.37,56,60,2.0,12,22,7,3.0,39,0.0,0,6,1.0,326,,,,2,2,24,29,3,6,3,14,8,7,3.0
14015563,25737,FK Radnički Niš,home,5,28,284,,15,46,39,2.0,1.0,1.0,5,2,11,,8,56,,,1.1,41,61,2.0,13,15,8,,44,1.0,0,7,4.0,359,,0.0,1.0,5,1,29,10,7,11,4,22,18,19,5.0
14015563,282203,FK Železničar Pančevo,away,3,25,364,,10,54,40,0.0,0.0,0.0,3,2,4,,4,44,,,0.2,47,50,1.0,12,15,4,,36,0.0,0,10,2.0,423,,1.0,1.0,1,0,16,23,2,4,2,17,12,8,4.0
14015564,308176,FK IMT Beograd,home,5,18,181,,19,38,59,2.0,1.0,1.0,9,6,10,0.0,7,51,,0.0,1.58,53,66,4.0,17,11,8,3.0,38,0.0,0,8,1.0,262,,0.0,,6,5,16,16,9,20,11,22,18,17,3.0
14015564,5152,FK Partizan,away,6,20,352,,17,62,47,0.0,0.0,0.0,2,9,7,2.0,6,49,,1.0,0.26,42,56,2.0,11,17,10,4.0,37,1.0,0,5,1.0,458,,1.0,,3,3,27,24,5,8,3,16,14,11,3.0
14015565,7674,FK Napredak Kruševac,home,0,28,263,,20,55,52,1.0,1.0,0.0,2,3,9,,8,49,,0.0,2.05,84,66,6.0,19,21,9,2.0,48,0.0,0,11,1.0,385,0.0,,,5,3,33,25,4,10,6,22,11,14,3.0
14015565,43981,FK Radnički 1923,away,5,26,208,,23,45,59,3.0,2.0,1.0,3,2,10,,12,51,,1.0,2.21,53,76,3.0,22,19,6,4.0,47,1.0,0,20,0.0,313,1.0,,,9,3,25,27,7,15,8,17,25,12,1.0
14015566,7674,FK Napredak Kruševac,home,1,14,498,2.0,11,70,53,1.0,1.0,0.0,3,4,5,0.0,12,57,0.0,1.0,0.53,83,122,3.0,9,23,5,1.0,51,0.0,0,6,0.0,577,,1.0,,2,3,19,15,5,8,3,16,20,15,1.0
14015566,5144,FK Javor Ivanjica,away,5,28,180,0.0,14,30,53,3.0,1.0,2.0,5,6,10,1.0,10,43,1.0,0.0,1.67,47,51,2.0,23,9,8,2.0,32,1.0,0,14,2.0,245,,0.0,,5,3,25,28,9,13,4,13,27,9,2.0
14015567,43981,FK Radnički 1923,home,2,29,330,,12,60,40,2.0,,2.0,2,5,10,,12,54,0.0,,1.01,64,55,1.0,12,19,5,2.0,45,,0,16,1.0,406,,,,3,3,22,22,6,8,2,16,20,6,2.0
14015567,308176,FK IMT Beograd,away,2,18,201,,11,40,33,1.0,,1.0,4,3,10,,10,46,1.0,,0.54,42,42,2.0,19,12,10,0.0,38,,0,8,0.0,275,,,,2,3,25,24,4,9,5,16,11,8,1.0
14015568,5152,FK Partizan,home,8,22,403,,6,68,46,1.0,1.0,,7,10,7,0.0,7,45,,,1.84,67,109,0.0,17,12,4,0.0,34,,1,10,1.0,468,,,0.0,12,5,25,13,12,24,12,15,32,13,3.0
14015568,25737,FK Radnički Niš,away,1,24,145,,9,32,42,0.0,0.0,,2,2,9,1.0,5,55,,,0.41,54,36,1.0,12,17,18,5.0,39,,1,11,0.0,225,,,1.0,2,0,17,27,3,4,1,17,5,11,3.0
14015569,282203,FK Železničar Pančevo,home,4,19,418,,12,62,31,1.0,1.0,,2,4,4,,5,50,,,0.87,58,80,5.0,14,13,9,2.0,26,1.0,1,4,0.0,479,,,1.0,4,2,19,13,4,8,4,8,7,6,1.0
14015569,111127,FK Radnik Surdulica,away,6,19,220,,12,38,38,1.0,1.0,,1,6,6,,3,50,,,0.96,32,39,2.0,13,14,10,1.0,26,0.0,0,6,5.0,287,,,0.0,5,2,15,28,7,8,1,9,16,8,1.0
14015570,25736,FK Novi Pazar,home,8,40,431,,15,69,58,5.0,3.0,2.0,4,10,7,,8,55,,,2.78,85,108,6.0,5,12,3,1.0,35,0.0,0,6,1.0,538,,0.0,,4,6,26,13,10,14,4,15,25,10,0.0
14015570,36967,FK Spartak Subotica,away,0,17,168,,11,31,52,0.0,0.0,0.0,0,0,9,,7,45,,,0.29,44,28,0.0,14,5,11,4.0,30,1.0,0,13,0.0,256,,2.0,,2,3,23,29,3,5,2,18,5,6,2.0
14015572,5148,FK Čukarički,home,2,21,171,,11,30,37,1.0,0.0,1.0,0,2,4,0.0,6,43,1.0,,1.08,32,25,1.0,17,11,13,5.0,32,,1,11,1.0,248,,,,5,3,26,26,5,8,3,15,9,8,2.0
14015572,5149,FK Crvena zvezda,away,4,20,502,,23,70,47,5.0,2.0,3.0,4,9,9,1.0,5,57,0.0,,3.03,41,103,3.0,11,16,5,2.0,33,,1,10,3.0,581,,,,8,8,18,10,13,20,7,11,36,8,3.0
14015573,7771,FK Mladost Lučani,home,1,21,159,1.0,12,34,48,3.0,3.0,,1,2,2,,3,47,,,1.27,39,36,1.0,19,12,17,2.0,29,1.0,1,10,3.0,244,,1.0,,6,1,26,35,7,8,1,15,14,11,2.0
14015573,5153,OFK Beograd,away,6,22,405,0.0,15,66,48,1.0,1.0,,3,6,10,,6,53,,,1.92,48,88,4.0,12,19,7,1.0,32,1.0,1,10,0.0,484,,0.0,,12,2,28,10,12,17,5,8,33,7,4.0
14015574,263360,FK TSC Bačka Topola,home,3,26,381,0.0,18,62,45,4.0,4.0,0.0,4,6,10,,11,54,1.0,0.0,3.36,64,59,5.0,11,13,9,1.0,34,,1,5,1.0,466,0.0,0.0,,8,7,19,26,12,19,7,13,22,9,1.0
14015574,5150,FK Vojvodina,away,5,22,190,1.0,12,38,52,1.0,0.0,1.0,3,7,6,,5,46,0.0,2.0,1.35,55,56,1.0,14,11,13,7.0,32,,0,8,3.0,280,1.0,1.0,,2,3,19,25,6,8,2,17,18,10,3.0
14015575,5144,FK Javor Ivanjica,home,5,32,314,1.0,18,46,40,1.0,1.0,,1,4,5,1.0,6,57,,,1.07,55,51,6.0,14,16,7,1.0,33,,0,7,1.0,378,,0.0,,2,7,22,31,7,10,3,13,14,9,2.0
14015575,263360,FK TSC Bačka Topola,away,3,17,387,0.0,10,54,37,0.0,0.0,,8,5,5,1.0,2,43,,,0.37,69,65,2.0,16,14,5,7.0,29,,0,5,0.0,448,,1.0,,2,1,19,28,3,11,8,14,15,12,2.0
14015576,5150,FK Vojvodina,home,5,22,418,2.0,11,60,55,10.0,6.0,4.0,4,8,8,,6,53,,1.0,4.01,49,108,2.0,6,7,3,1.0,26,,0,12,3.0,489,,1.0,,8,11,20,27,20,23,3,11,43,6,
14015576,7771,FK Mladost Lučani,away,1,13,259,0.0,8,40,42,2.0,2.0,0.0,4,3,6,,2,47,,0.0,0.41,34,50,1.0,9,6,14,6.0,25,,0,13,1.0,332,,0.0,,3,1,17,29,3,8,5,18,10,6,
14015577,5153,OFK Beograd,home,3,17,262,1.0,19,56,52,4.0,2.0,2.0,4,1,6,1.0,6,48,0.0,1.0,1.33,53,65,3.0,15,14,5,2.0,32,1.0,0,13,1.0,375,1.0,1.0,,5,3,23,29,10,12,2,13,28,8,2.0
14015577,5148,FK Čukarički,away,5,15,181,0.0,20,44,46,4.0,4.0,0.0,4,4,7,0.0,9,52,1.0,0.0,2.05,57,49,2.0,14,14,7,1.0,35,1.0,2,3,3.0,288,0.0,2.0,,6,2,29,38,10,12,2,12,20,8,2.0
14015578,5149,FK Crvena zvezda,home,6,24,526,2.0,20,71,42,8.0,5.0,3.0,3,8,5,1.0,1,61,,1.0,3.34,85,104,6.0,10,18,3,2.0,22,0.0,1,9,,608,,,,7,11,19,16,15,21,6,6,37,4,0.0
14015578,25736,FK Novi Pazar,away,2,16,160,0.0,7,29,41,1.0,1.0,0.0,0,6,4,1.0,3,39,,1.0,0.27,42,20,0.0,19,10,9,6.0,20,1.0,1,7,,245,,,,4,2,19,27,3,6,3,7,8,3,4.0
14015579,36967,FK Spartak Subotica,home,3,28,399,,17,60,47,0.0,0.0,0.0,3,6,8,,8,50,,,0.62,75,97,2.0,13,12,6,2.0,37,0.0,0,8,3.0,483,,,,6,2,19,10,6,11,5,17,21,12,2.0
14015579,282203,FK Železničar Pančevo,away,2,25,248,,9,40,54,2.0,1.0,1.0,2,3,7,,11,50,,,0.86,44,46,3.0,12,13,9,2.0,45,2.0,1,7,0.0,324,,,,4,5,11,26,6,11,5,22,17,15,2.0
14015580,111127,FK Radnik Surdulica,home,7,25,330,0.0,12,58,53,2.0,1.0,1.0,3,9,8,2.0,3,47,,1.0,1.35,61,106,3.0,10,10,2,2.0,24,0.0,0,10,,409,,0.0,,6,6,29,10,6,15,9,12,11,9,1.0
14015580,5152,FK Partizan,away,0,18,247,1.0,14,42,49,0.0,0.0,0.0,0,3,4,2.0,5,53,,0.0,0.35,36,31,0.0,10,10,17,4.0,27,2.0,0,12,,330,,1.0,,0,4,19,35,2,4,2,13,7,5,3.0
14015581,25737,FK Radnički Niš,home,2,22,195,,16,39,36,1.0,,1.0,1,6,11,,3,45,1.0,,0.67,56,47,0.0,18,14,8,2.0,30,1.0,0,11,1.0,277,,0.0,,4,2,23,28,6,7,1,14,11,8,3.0
14015581,43981,FK Radnički 1923,away,5,15,358,,14,61,34,1.0,,1.0,7,4,5,,6,55,0.0,,1.27,54,77,3.0,14,18,7,0.0,43,0.0,0,6,4.0,432,,1.0,,5,3,30,17,10,15,5,19,20,11,1.0
14015582,308176,FK IMT Beograd,home,4,33,231,0.0,11,41,51,2.0,1.0,2.0,4,9,2,1.0,4,49,,1.0,3.08,35,74,1.0,14,8,9,3.0,28,0.0,0,6,4.0,299,,0.0,,7,8,13,12,14,19,5,16,34,9,1.0
14015582,7674,FK Napredak Kruševac,away,1,25,380,1.0,9,59,43,1.0,1.0,0.0,3,2,11,3.0,9,51,,1.0,0.54,58,63,2.0,9,14,11,6.0,31,1.0,0,6,2.0,451,,1.0,,3,3,18,28,5,9,4,9,12,7,2.0
14015583,308176,FK IMT Beograd,home,8,20,262,,15,51,33,4.0,4.0,,8,8,1,,5,46,,,1.57,62,75,4.0,19,18,4,0.0,31,,1,6,1.0,353,,,,8,4,18,20,10,20,10,10,22,9,2.0
14015583,5144,FK Javor Ivanjica,away,1,24,262,,28,49,29,0.0,0.0,,0,1,8,,5,54,,,0.06,45,41,1.0,18,19,8,3.0,27,,0,9,3.0,347,,,,4,0,17,39,1,4,3,5,1,4,3.0
14015584,7674,FK Napredak Kruševac,home,5,23,443,1.0,15,66,39,3.0,1.0,2.0,4,3,12,2.0,4,43,0.0,1.0,1.26,58,68,0.0,23,7,6,5.0,27,1.0,0,6,1.0,509,,0.0,,2,3,22,14,6,9,3,16,16,8,6.0
14015584,25737,FK Radnički Niš,away,5,25,204,0.0,11,34,47,8.0,4.0,4.0,3,4,10,0.0,5,57,1.0,0.0,3.88,49,62,4.0,7,21,6,0.0,45,3.0,0,9,1.0,256,,1.0,,4,9,13,18,12,16,4,18,26,11,1.0
14015585,43981,FK Radnički 1923,home,4,24,321,,20,65,45,2.0,2.0,,3,5,7,0.0,8,56,,1.0,0.36,47,68,2.0,12,27,9,0.0,44,1.0,0,9,1.0,395,,1.0,1.0,3,2,32,13,3,8,5,9,7,4,2.0
14015585,111127,FK Radnik Surdulica,away,4,15,135,,13,35,48,1.0,1.0,,5,2,5,1.0,8,44,,1.0,1.24,52,33,2.0,27,12,8,2.0,38,1.0,0,8,0.0,219,,0.0,0.0,7,0,19,30,6,12,6,18,19,12,6.0
14015586,5152,FK Partizan,home,3,36,417,1.0,16,55,39,3.0,1.0,2.0,1,2,6,0.0,4,59,,1.0,1.06,55,68,3.0,4,16,8,1.0,31,1.0,0,5,3.0,489,,1.0,,3,6,15,28,5,10,5,11,9,5,0.0
14015586,36967,FK Spartak Subotica,away,3,12,315,0.0,10,45,46,3.0,2.0,1.0,1,4,7,1.0,7,41,,0.0,1.22,62,90,1.0,16,4,6,4.0,23,1.0,0,9,1.0,396,,0.0,,5,2,11,15,4,8,4,12,17,9,3.0
14015587,282203,FK Železničar Pančevo,home,5,28,248,,12,39,41,1.0,1.0,0.0,2,8,3,1.0,13,60,,1.0,0.98,57,54,3.0,11,17,8,9.0,38,3.0,0,10,2.0,312,,,,5,3,10,26,4,10,6,8,8,4,1.0
14015587,5149,FK Crvena zvezda,away,7,26,428,,10,61,39,7.0,5.0,2.0,8,8,5,2.0,5,40,,0.0,3.74,42,130,0.0,17,11,9,3.0,24,0.0,0,9,3.0,480,,,,7,12,11,24,16,27,11,8,46,4,1.0
14015588,25736,FK Novi Pazar,home,3,22,128,,20,40,46,4.0,2.0,2.0,2,5,4,1.0,6,55,0.0,1.0,1.13,56,41,3.0,16,14,8,3.0,34,1.0,0,9,3.0,223,,0.0,0.0,5,6,25,29,9,13,4,16,15,8,2.0
14015588,5153,OFK Beograd,away,2,19,258,,13,60,44,1.0,0.0,1.0,2,3,7,0.0,7,45,2.0,0.0,1.25,64,52,2.0,14,16,9,4.0,31,2.0,0,9,3.0,358,,1.0,1.0,5,4,25,31,6,11,5,9,22,6,3.0
14015589,5148,FK Čukarički,home,5,22,251,0.0,15,52,46,2.0,2.0,0.0,5,4,10,0.0,6,42,,,2.08,79,92,5.0,20,16,13,1.0,34,0.0,0,4,0.0,351,,0.0,,2,7,26,26,9,14,5,12,18,6,3.0
14015589,5150,FK Vojvodina,away,4,17,240,1.0,20,48,56,1.0,0.0,1.0,3,1,7,1.0,8,58,,,0.68,59,54,2.0,16,20,3,6.0,47,1.0,0,5,3.0,332,,2.0,,10,4,17,35,6,17,11,19,14,15,4.0
14015590,7771,FK Mladost Lučani,home,1,18,243,,20,42,46,5.0,4.0,1.0,1,4,7,2.0,11,54,,0.0,2.38,60,34,2.0,8,14,13,2.0,38,,0,15,1.0,364,,1.0,,3,6,19,29,8,10,2,13,13,8,0.0
14015590,263360,FK TSC Bačka Topola,away,3,33,398,,26,58,51,2.0,2.0,1.0,8,10,4,1.0,7,46,,1.0,3.03,60,109,2.0,15,8,6,2.0,24,,1,11,1.0,510,,0.0,,5,4,23,31,10,17,7,11,34,8,2.0
14015591,5144,FK Javor Ivanjica,home,11,28,308,1.0,18,50,37,,,,4,5,4,0.0,8,58,,,1.71,56,79,2.0,11,17,11,3.0,35,2.0,0,7,1.0,389,,,,8,3,21,30,11,15,4,11,28,6,2.0
14015591,7771,FK Mladost Lučani,away,2,20,312,0.0,14,50,42,,,,2,5,4,1.0,4,42,,,0.84,70,85,2.0,17,11,13,3.0,25,0.0,0,6,2.0,388,,,,5,3,20,24,8,10,2,10,24,5,4.0
14015592,263360,FK TSC Bačka Topola,home,3,21,242,,16,49,59,3.0,2.0,1.0,9,8,15,,7,45,,,2.03,59,57,2.0,15,14,6,3.0,31,1.0,0,6,3.0,326,,1.0,,6,7,18,23,14,22,8,10,27,4,4.0
14015592,5148,FK Čukarički,away,4,30,258,,16,51,50,1.0,1.0,0.0,1,2,4,,6,55,,,0.86,53,63,6.0,14,15,7,6.0,41,0.0,0,11,0.0,335,,4.0,,3,4,25,32,6,8,2,21,19,12,3.0
14015593,5150,FK Vojvodina,home,13,28,351,,16,65,52,1.0,,0.0,7,13,18,0.0,6,47,,,1.48,84,88,,3,12,4,2.0,39,0.0,0,8,,468,,0.0,,8,2,34,15,11,17,6,23,36,17,1.0
14015593,25736,FK Novi Pazar,away,2,27,165,,25,35,60,1.0,,1.0,2,3,15,1.0,9,53,,,0.93,51,46,,12,3,15,2.0,36,6.0,0,10,,260,,2.0,,1,5,24,31,7,8,1,24,16,15,1.0
14015594,5153,OFK Beograd,home,5,33,402,0.0,21,59,60,1.0,1.0,,1,2,9,4.0,4,47,,,0.24,68,66,0.0,16,7,4,5.0,26,0.0,0,9,3.0,511,,1.0,0.0,4,1,28,28,4,6,2,15,9,10,2.0
14015594,282203,FK Železničar Pančevo,away,1,19,253,2.0,15,41,51,1.0,1.0,,2,3,5,0.0,7,53,,,0.82,58,38,3.0,7,16,5,1.0,37,1.0,1,10,1.0,365,,0.0,1.0,2,5,16,22,3,9,6,18,6,9,0.0
14015595,5149,FK Crvena zvezda,home,7,17,323,1.0,25,61,50,5.0,4.0,1.0,5,6,6,0.0,6,57,,1.0,2.93,43,73,1.0,16,13,2,3.0,31,,0,12,0.0,405,1.0,0.0,,7,9,16,20,14,21,7,13,35,7,1.0
14015595,5152,FK Partizan,away,5,18,176,0.0,14,39,30,3.0,3.0,1.0,0,4,5,2.0,2,43,,1.0,1.38,26,25,3.0,13,15,16,6.0,29,,0,7,1.0,262,0.0,1.0,,3,3,10,33,4,6,2,11,11,7,1.0
14015596,36967,FK Spartak Subotica,home,3,21,288,1.0,20,48,52,3.0,1.0,2.0,3,2,8,,8,47,1.0,0.0,1.71,61,67,1.0,22,11,9,1.0,32,,1,5,0.0,381,,1.0,,2,4,19,28,7,9,2,15,22,10,5.0
14015596,43981,FK Radnički 1923,away,4,25,318,0.0,14,52,50,4.0,1.0,3.0,1,2,6,,7,53,0.0,1.0,2.45,56,55,5.0,11,21,4,1.0,45,,1,11,2.0,410,,1.0,,8,4,29,26,8,13,5,17,18,8,1.0
14015597,111127,FK Radnik Surdulica,home,8,28,420,1.0,18,66,49,4.0,2.0,2.0,9,8,14,,8,46,,,3.07,77,132,4.0,14,7,4,1.0,31,1.0,0,7,5.0,504,,,0.0,7,4,21,12,16,20,4,15,46,9,2.0
14015597,7674,FK Napredak Kruševac,away,5,19,185,0.0,20,34,43,1.0,0.0,1.0,1,4,8,,4,54,,,0.53,40,32,1.0,8,14,14,2.0,38,1.0,0,16,1.0,268,,,2.0,3,2,21,32,3,5,2,20,17,11,5.0
14015598,25737,FK Radnički Niš,home,2,28,332,,27,54,54,1.0,,1.0,1,1,10,,2,52,,,1.13,58,40,1.0,9,14,3,0.0,28,3.0,1,9,3.0,446,,,,2,3,29,25,2,6,4,14,6,10,4.0
14015598,308176,FK IMT Beograd,away,4,27,270,,20,46,48,1.0,,1.0,4,7,10,,4,48,,,0.56,67,59,2.0,14,9,4,1.0,30,0.0,0,5,0.0,384,,,,1,1,23,13,5,6,1,19,10,14,0.0
14015599,25737,FK Radnički Niš,home,5,18,380,0.0,16,55,43,1.0,0.0,1.0,2,3,7,2.0,9,54,,0.0,0.86,65,86,2.0,12,15,5,3.0,36,1.0,0,9,2.0,448,,,0.0,4,5,17,18,7,11,4,15,18,8,1.0
14015599,5144,FK Javor Ivanjica,away,2,21,297,1.0,13,45,29,1.0,1.0,0.0,4,3,11,0.0,6,46,,1.0,0.76,55,46,4.0,15,12,11,4.0,31,0.0,0,4,0.0,369,,,1.0,2,3,27,11,3,9,6,14,13,10,3.0
14015600,308176,FK IMT Beograd,home,3,30,334,1.0,19,61,37,3.0,3.0,,3,6,6,0.0,1,50,,0.0,1.73,72,92,3.0,18,19,3,0.0,31,0.0,0,10,1.0,430,,0.0,,6,5,34,14,11,14,3,13,29,10,3.0
14015600,111127,FK Radnik Surdulica,away,3,15,183,0.0,13,39,36,0.0,0.0,,1,0,9,1.0,5,50,,2.0,0.46,47,24,1.0,19,18,10,5.0,37,3.0,0,14,0.0,288,,3.0,,3,0,23,39,2,4,2,14,6,6,3.0
14015601,7674,FK Napredak Kruševac,home,4,30,356,,23,60,67,1.0,0.0,1.0,1,3,7,4.0,7,52,1.0,2.0,1.08,74,100,2.0,7,9,12,5.0,28,0.0,0,15,4.0,463,,,,7,2,17,26,6,9,3,12,17,6,0.0
14015601,36967,FK Spartak Subotica,away,5,15,206,,23,40,60,2.0,1.0,1.0,7,7,4,0.0,4,48,0.0,0.0,2.72,55,64,0.0,9,7,10,1.0,25,2.0,0,5,1.0,310,,,,13,5,22,41,14,25,11,14,30,7,1.0
14015602,43981,FK Radnički 1923,home,3,14,185,0.0,13,32,55,0.0,0.0,0.0,2,0,11,3.0,6,40,,0.0,0.25,43,40,1.0,13,11,10,8.0,27,,0,13,1.0,268,,1.0,,2,1,23,32,3,5,2,10,18,8,2.0
14015602,5149,FK Crvena zvezda,away,5,28,505,3.0,19,68,65,5.0,4.0,1.0,3,6,7,0.0,12,60,,1.0,3.17,65,118,1.0,11,13,4,1.0,42,,2,11,2.0,584,,0.0,,7,10,19,18,14,20,6,18,35,11,2.0
14015603,5152,FK Partizan,home,5,17,271,0.0,5,52,48,3.0,2.0,1.0,2,5,8,,7,52,,0.0,1.19,25,35,0.0,14,18,13,1.0,45,2.0,0,11,3.0,370,,1.0,,4,5,26,20,8,11,3,22,18,13,2.0
14015603,5153,OFK Beograd,away,2,17,270,1.0,9,48,46,1.0,0.0,1.0,3,5,10,,8,48,,1.0,0.5,57,68,2.0,18,14,4,4.0,38,0.0,0,13,2.0,348,,0.0,,4,3,26,26,3,10,7,16,20,12,2.0
14015604,282203,FK Železničar Pančevo,home,5,24,238,1.0,14,45,44,5.0,3.0,2.0,3,7,7,1.0,6,47,,,2.38,51,48,2.0,12,11,11,7.0,31,2.0,0,7,0.0,317,,,,3,5,17,33,9,11,2,14,26,9,4.0
14015604,5150,FK Vojvodina,away,5,28,287,1.0,23,55,35,2.0,2.0,0.0,3,9,7,2.0,3,53,,,1.53,60,96,1.0,12,12,8,3.0,27,0.0,1,5,3.0,371,,,,7,8,24,29,10,18,8,15,33,11,1.0
14015605,25736,FK Novi Pazar,home,2,34,198,,10,40,55,2.0,0.0,2.0,1,3,6,,4,49,,0.0,1.86,58,45,1.0,9,9,8,2.0,31,2.0,0,10,1.0,291,,,,2,6,18,30,7,9,2,18,25,11,1.0
14015605,263360,FK TSC Bačka Topola,away,1,25,328,,13,60,47,1.0,1.0,0.0,2,6,12,,10,51,,3.0,0.81,70,71,1.0,9,9,8,3.0,29,0.0,0,3,3.0,432,,,,6,2,32,23,6,10,4,11,14,7,1.0
14015606,5148,FK Čukarički,home,3,22,344,,15,54,50,2.0,,2.0,5,4,3,1.0,4,53,,,0.97,45,77,1.0,20,17,4,4.0,35,,0,1,1.0,434,,0.0,,5,5,34,26,6,15,9,15,21,9,2.0
14015606,7771,FK Mladost Lučani,away,2,18,282,,14,46,53,0.0,,0.0,2,2,6,1.0,5,47,,,0.52,46,69,5.0,17,20,6,2.0,31,,0,6,0.0,376,,1.0,,0,5,20,28,4,7,3,7,7,6,1.0
14015607,5144,FK Javor Ivanjica,home,3,22,166,0.0,20,36,49,1.0,,1.0,1,2,11,2.0,3,46,,1.0,1.18,48,48,3.0,8,12,10,3.0,34,1.0,2,11,2.0,254,,,,6,2,27,24,7,9,2,19,13,15,5.0
14015607,5148,FK Čukarički,away,2,24,384,1.0,29,64,51,0.0,,0.0,5,2,12,0.0,7,54,,0.0,0.77,61,77,4.0,12,8,9,1.0,34,0.0,1,9,0.0,464,,,,5,3,18,28,3,13,10,20,10,12,1.0
14015608,7771,FK Mladost Lučani,home,7,22,367,,26,55,56,0.0,,0.0,2,7,10,,5,59,1.0,,0.41,82,73,3.0,3,15,10,2.0,31,1.0,0,10,3.0,477,,,,2,3,30,12,5,7,2,11,20,8,0.0
14015608,25736,FK Novi Pazar,away,2,36,300,,18,45,58,2.0,,2.0,1,1,5,,1,41,0.0,,1.72,62,66,0.0,15,3,9,3.0,21,1.0,0,14,0.0,404,,,,5,4,25,34,6,10,4,17,21,9,2.0
14015609,263360,FK TSC Bačka Topola,home,7,22,352,1.0,6,54,48,3.0,3.0,,3,6,4,,4,49,,,1.41,51,99,1.0,11,5,5,1.0,27,1.0,0,9,3.0,426,,,,8,7,20,12,9,18,9,18,28,11,4.0
14015609,282203,FK Železničar Pančevo,away,4,20,296,0.0,8,46,37,1.0,1.0,,1,1,10,,4,51,,,0.37,46,23,5.0,5,11,10,7.0,27,0.0,0,8,0.0,373,,,,4,1,23,14,4,6,2,12,10,8,1.0
14015610,5150,FK Vojvodina,home,3,19,209,0.0,12,39,47,3.0,1.0,2.0,3,8,4,1.0,5,52,,,2.18,53,63,3.0,18,13,5,2.0,38,,0,13,0.0,286,,,,7,5,16,16,4,15,11,20,21,10,1.0
14015610,5152,FK Partizan,away,3,26,388,1.0,14,61,39,1.0,1.0,0.0,1,2,9,0.0,6,48,,,0.44,46,61,2.0,15,18,14,2.0,33,,0,4,4.0,481,,,,2,2,22,27,3,5,2,10,11,7,1.0
14015611,5153,OFK Beograd,home,3,27,353,1.0,12,66,50,1.0,1.0,,4,6,14,,3,47,,0.0,1.01,77,109,8.0,18,23,4,1.0,39,0.0,0,15,1.0,457,,,,7,2,23,23,6,13,7,14,26,13,2.0
14015611,43981,FK Radnički 1923,away,3,19,144,0.0,20,34,51,0.0,0.0,,0,1,7,,3,53,,1.0,0.06,47,34,1.0,23,18,11,2.0,38,1.0,0,18,8.0,228,,,,1,1,20,29,1,2,2,17,14,9,5.0
14015612,5149,FK Crvena zvezda,home,9,24,590,1.0,12,78,52,2.0,1.0,1.0,3,15,3,,4,48,,,2.85,87,168,1.0,9,7,6,1.0,23,,1,8,5.0,659,,0.0,,9,10,12,5,17,22,5,12,51,10,2.0
14015612,7674,FK Napredak Kruševac,away,2,13,111,0.0,14,22,44,1.0,1.0,0.0,4,2,9,,3,52,,,0.56,23,15,2.0,7,9,11,6.0,24,,0,11,0.0,183,,1.0,,3,0,13,36,3,7,4,14,6,13,0.0
14015613,36967,FK Spartak Subotica,home,1,21,152,,14,35,43,1.0,1.0,,0,0,7,3.0,3,46,,,0.11,42,27,2.0,13,13,17,5.0,27,1.0,0,7,3.0,246,1.0,1.0,1.0,1,1,25,36,1,1,0,13,9,7,3.0
14015613,308176,FK IMT Beograd,away,7,33,340,,19,65,47,3.0,3.0,,3,4,9,1.0,1,54,,,2.24,63,61,5.0,13,12,7,1.0,30,0.0,1,4,0.0,446,0.0,0.0,0.0,9,7,29,15,13,19,6,17,25,12,3.0
14015614,111127,FK Radnik Surdulica,home,3,33,333,,6,58,33,2.0,1.0,1.0,3,4,13,,8,45,0.0,1.0,1.27,66,81,4.0,20,13,5,1.0,39,,0,7,,419,,,0.0,4,5,33,7,6,12,6,17,12,16,2.0
14015614,25737,FK Radnički Niš,away,1,35,225,,8,42,41,1.0,0.0,1.0,2,1,11,,8,55,1.0,0.0,1.37,62,60,4.0,14,19,14,3.0,47,,0,10,,306,,,1.0,3,3,22,24,5,8,3,20,8,14,4.0
14015615,111127,FK Radnik Surdulica,home,8,18,407,0.0,16,62,57,3.0,2.0,1.0,5,6,9,,9,54,,,1.94,69,122,5.0,11,22,7,4.0,45,0.0,2,5,,496,,0.0,0.0,9,4,28,12,11,18,7,17,29,11,2.0
14015615,5144,FK Javor Ivanjica,away,5,26,221,1.0,12,38,48,2.0,1.0,1.0,1,1,12,,8,46,,,1.53,58,82,1.0,22,11,13,3.0,40,1.0,0,13,,309,,1.0,1.0,1,6,23,26,6,8,2,21,21,14,5.0
14015616,25737,FK Radnički Niš,home,8,38,505,0.0,8,65,50,3.0,3.0,1.0,4,6,8,1.0,8,58,,,0.96,88,139,3.0,7,17,7,2.0,41,0.0,0,10,2.0,593,,1.0,,5,3,31,5,8,12,4,18,35,11,2.0
14015616,36967,FK Spartak Subotica,away,1,28,250,1.0,7,35,52,2.0,0.0,2.0,2,2,4,1.0,4,42,,,1.22,47,39,0.0,17,7,10,3.0,29,3.0,0,12,1.0,332,,1.0,,4,4,23,28,5,10,5,18,11,10,0.0
14015617,308176,FK IMT Beograd,home,4,27,148,0.0,14,29,41,3.0,2.0,1.0,3,4,6,2.0,7,46,,,1.79,42,45,1.0,18,3,10,4.0,33,0.0,0,10,1.0,224,0.0,1.0,,2,3,24,24,5,8,3,22,16,11,1.0
14015617,5149,FK Crvena zvezda,away,11,22,491,2.0,22,71,47,1.0,0.0,1.0,3,6,13,1.0,4,54,,,1.32,73,130,2.0,4,18,4,2.0,33,2.0,0,8,3.0,566,1.0,0.0,,6,6,26,22,7,15,8,12,30,6,0.0
14015618,7674,FK Napredak Kruševac,home,3,24,131,1.0,11,33,48,2.0,2.0,1.0,0,2,3,,4,40,0.0,0.0,1.23,46,37,1.0,23,15,12,3.0,29,2.0,0,7,8.0,217,,1.0,,4,4,18,37,6,8,2,10,13,6,1.0
14015618,5153,OFK Beograd,away,10,23,355,0.0,22,67,36,4.0,2.0,2.0,6,7,6,,9,60,1.0,1.0,3.04,51,112,3.0,15,23,6,2.0,37,1.0,2,10,1.0,445,,0.0,,10,5,20,13,18,21,3,6,40,5,1.0
14015619,43981,FK Radnički 1923,home,3,19,248,,19,50,57,1.0,1.0,0.0,2,4,8,1.0,9,62,,,0.67,40,46,2.0,8,19,7,4.0,47,3.0,0,17,,355,,,,4,0,23,26,3,6,3,20,15,7,3.0
14015619,5150,FK Vojvodina,away,3,21,255,,10,50,54,2.0,1.0,1.0,2,8,9,0.0,3,38,,,0.77,58,61,1.0,19,8,8,0.0,31,2.0,0,10,,355,,,,3,5,39,24,6,10,4,20,21,14,2.0
14015620,5152,FK Partizan,home,4,27,328,,17,53,48,4.0,3.0,1.0,0,2,6,1.0,5,60,,0.0,2.27,40,65,1.0,9,14,8,5.0,40,,0,7,0.0,418,,4.0,,7,8,20,35,14,15,1,23,23,17,0.0
14015620,263360,FK TSC Bačka Topola,away,5,17,272,,14,47,46,2.0,1.0,1.0,5,8,13,1.0,4,40,,1.0,1.55,43,68,1.0,14,9,11,6.0,24,,0,9,2.0,360,,0.0,,4,6,33,9,6,15,9,12,28,9,2.0
14015621,282203,FK Železničar Pančevo,home,7,19,643,,19,74,39,5.0,1.0,4.0,3,7,9,0.0,2,54,0.0,1.0,2.98,74,105,4.0,12,9,2,1.0,25,2.0,0,5,0.0,700,,0.0,0.0,4,8,12,8,10,15,5,14,22,6,1.0
14015621,7771,FK Mladost Lučani,away,1,10,185,,11,26,32,1.0,1.0,0.0,0,2,10,1.0,3,46,1.0,0.0,0.03,22,20,1.0,10,12,11,4.0,26,1.0,0,10,1.0,254,,1.0,1.0,2,1,7,21,3,3,0,11,11,3,4.0
14015622,25736,FK Novi Pazar,home,1,14,271,,25,50,43,1.0,,1.0,1,4,4,,5,54,,1.0,1.07,62,76,1.0,15,15,9,2.0,30,1.0,0,4,0.0,345,,0.0,0.0,5,4,17,29,4,10,6,10,15,5,2.0
14015622,5148,FK Čukarički,away,3,18,248,,21,50,36,1.0,,1.0,7,6,6,,3,46,,1.0,1.42,59,55,6.0,15,15,12,3.0,26,2.0,0,5,1.0,338,,1.0,1.0,4,3,21,18,6,14,8,9,20,7,3.0
14015623,5144,FK Javor Ivanjica,home,3,27,260,,20,45,44,1.0,1.0,,2,2,16,1.0,4,44,,1.0,1.13,58,59,3.0,12,12,11,3.0,27,0.0,0,9,0.0,349,0.0,2.0,,4,1,31,34,4,7,3,12,17,9,0.0
14015623,25736,FK Novi Pazar,away,7,23,338,,20,55,50,1.0,1.0,,6,4,5,1.0,4,56,,0.0,1.41,56,80,2.0,13,12,11,1.0,41,1.0,0,9,1.0,429,1.0,0.0,,10,3,18,32,10,19,9,25,20,16,2.0
14015624,5148,FK Čukarički,home,5,20,142,,16,31,36,5.0,3.0,2.0,2,0,4,2.0,2,53,,1.0,2.48,44,38,1.0,13,11,6,2.0,24,2.0,1,2,2.0,225,,,0.0,1,6,21,40,7,9,2,11,16,7,3.0
14015624,282203,FK Železničar Pančevo,away,8,25,434,,6,69,35,2.0,1.0,1.0,3,6,7,0.0,12,47,,2.0,1.24,70,101,1.0,11,13,6,3.0,30,2.0,1,2,1.0,497,,,1.0,3,4,18,25,7,10,3,5,21,4,3.0
14015625,7771,FK Mladost Lučani,home,2,20,112,,15,22,54,1.0,1.0,,2,7,8,1.0,3,47,,,0.34,52,23,1.0,5,11,7,9.0,21,3.0,0,13,3.0,196,,1.0,1.0,1,3,13,42,6,6,0,9,9,3,0.0
14015625,5152,FK Partizan,away,6,13,641,,20,78,50,1.0,1.0,,6,5,4,0.0,6,53,,,1.26,69,241,1.0,11,5,3,2.0,20,0.0,0,5,0.0,726,,0.0,0.0,3,10,19,16,10,19,9,9,43,7,1.0
14015626,263360,FK TSC Bačka Topola,home,8,14,268,2.0,11,52,39,1.0,1.0,,6,4,9,1.0,10,41,,,1.25,53,68,2.0,16,12,13,3.0,30,,0,8,5.0,339,,1.0,,8,4,28,24,13,18,5,11,27,5,2.0
14015626,43981,FK Radnički 1923,away,6,18,220,0.0,18,48,48,2.0,2.0,,2,10,5,1.0,5,59,,,1.56,48,60,1.0,12,16,7,4.0,42,,0,17,2.0,295,,0.0,,8,3,12,21,8,13,5,21,21,18,3.0
14015627,5150,FK Vojvodina,home,7,20,423,,14,62,49,6.0,2.0,4.0,2,8,4,2.0,2,48,1.0,0.0,2.77,68,93,1.0,13,3,5,2.0,23,0.0,0,9,1.0,505,,,,8,9,16,18,16,19,3,18,40,14,
14015627,7674,FK Napredak Kruševac,away,1,24,238,,9,38,42,0.0,0.0,0.0,1,1,10,0.0,6,52,0.0,2.0,0.81,46,64,3.0,3,13,9,4.0,31,2.0,0,11,3.0,315,,,,1,3,33,32,3,5,2,12,10,9,
14015628,5153,OFK Beograd,home,4,22,240,0.0,14,49,64,2.0,0.0,2.0,2,3,11,1.0,9,47,0.0,,,61,56,1.0,14,13,7,4.0,42,,0,11,2.0,361,,1.0,,2,2,31,30,4,6,2,21,18,12,4.0
14015628,308176,FK IMT Beograd,away,6,27,247,1.0,25,51,56,5.0,2.0,3.0,2,9,13,0.0,6,53,1.0,,,64,59,2.0,13,14,6,0.0,37,,2,9,2.0,351,,1.0,,4,7,30,24,11,13,2,17,32,14,3.0
14015629,5149,FK Crvena zvezda,home,9,30,624,1.0,18,79,60,2.0,,2.0,9,11,9,0.0,10,51,0.0,1.0,2.39,99,187,1.0,7,5,4,2.0,28,,1,5,4.0,706,,0.0,,10,7,21,11,15,26,11,15,52,10,
14015629,25737,FK Radnički Niš,away,1,22,115,0.0,14,21,55,0.0,,0.0,1,4,9,1.0,5,49,1.0,0.0,0.54,34,13,0.0,5,7,13,5.0,30,,2,15,0.0,190,,1.0,,5,2,9,52,4,8,4,18,8,12,
14015630,36967,FK Spartak Subotica,home,2,14,409,2.0,15,66,54,2.0,1.0,1.0,2,3,12,,12,56,,,0.68,49,66,1.0,13,15,9,4.0,45,1.0,0,9,2.0,531,,,,3,4,31,16,5,9,4,20,13,15,2.0
14015630,111127,FK Radnik Surdulica,away,7,20,162,1.0,12,34,52,3.0,1.0,2.0,5,5,10,,6,44,,,2.17,65,56,5.0,15,12,7,3.0,35,0.0,0,16,0.0,266,,,,5,7,23,22,13,17,4,17,19,10,3.0
14666216,25736,FK Novi Pazar,home,7,24,287,,16,51,44,2.0,1.0,1.0,1,1,6,,5,52,,,,63,69,7.0,19,18,6,1.0,38,0.0,0,11,3.0,383,,1.0,,5,5,26,13,7,11,4,17,18,13,2.0
14666216,43981,FK Radnički 1923,away,2,16,284,,16,49,46,1.0,0.0,1.0,5,2,8,,2,48,,,,34,40,3.0,18,19,6,4.0,34,1.0,0,10,0.0,371,,1.0,,0,2,28,39,2,7,5,15,5,7,2.0
14925202,5150,FK Vojvodina,home,3,17,173,1.0,8,31,44,1.0,0.0,1.0,0,2,8,,6,38,,2.0,,50,44,0.0,13,5,13,4.0,24,2.0,0,5,2.0,254,,,,3,5,14,45,4,8,4,13,10,11,5.0
14925202,5149,FK Crvena zvezda,away,11,29,483,0.0,22,69,52,3.0,2.0,1.0,5,9,9,,7,62,,0.0,,55,131,3.0,5,13,4,2.0,30,1.0,1,8,1.0,566,,,,9,6,28,25,18,20,2,10,51,4,1.0
14925448,5144,FK Javor Ivanjica,home,5,18,280,1.0,10,40,60,2.0,1.0,1.0,1,1,12,,4,37,,1.0,2.16,55,58,3.0,16,10,6,0.0,22,1.0,1,6,,354,,0.0,,5,3,20,21,6,9,3,8,18,7,1.0
14925448,5152,FK Partizan,away,2,24,483,0.0,16,60,53,2.0,0.0,2.0,2,2,3,,4,63,,0.0,1.41,44,79,2.0,11,15,7,1.0,39,0.0,0,7,,554,,1.0,,3,3,11,17,4,8,4,20,21,12,3.0
14925744,5149,FK Crvena zvezda,home,6,21,356,1.0,20,53,60,3.0,1.0,2.0,5,7,8,1.0,11,50,0.0,0.0,3.02,42,74,1.0,11,6,11,6.0,29,0.0,1,4,3.0,447,,0.0,1.0,6,4,18,22,11,15,4,13,26,8,1.0
14925744,5148,FK Čukarički,away,2,30,312,0.0,16,47,49,2.0,2.0,0.0,4,6,7,1.0,6,50,1.0,1.0,1.71,50,68,2.0,6,11,11,1.0,33,2.0,0,3,1.0,400,,1.0,0.0,7,6,13,13,8,17,9,18,24,14,0.0
15158126,43981,FK Radnički 1923,home,3,23,174,3.0,21,39,59,6.0,3.0,3.0,5,2,7,0.0,4,55,,,,50,40,4.0,10,16,15,4.0,39,,0,10,3.0,273,0.0,,,4,9,17,31,12,18,6,19,24,13,2.0
15158126,5148,FK Čukarički,away,5,32,315,0.0,21,61,55,5.0,4.0,1.0,1,5,12,1.0,4,45,,,,70,75,1.0,17,10,5,6.0,28,,0,8,1.0,412,1.0,,,4,6,33,20,8,11,3,15,21,8,3.0
